Scenario,Customer Name,Product Name,Period Name,Organization Name,Demand Status,Total Demand,Served Demand,Unserved Demand,Percentage Total Demand Fulfilled,Potential Revenue,Actual Revenue,Lost Revenue,Total Demand Penalty Cost,Fulfillment ID,Priority,Demanded Period,Received Period,Periods Late,Periods Early,Remaining Demand Quantity,Late Demand Penalty Cost,Early Demand Penalty Cost,Total Unserved Demand Penalty Cost,Scenario ID,Sub-Scenario ID
any_whs,O_232380-1-1-101,310002_WA001_102_9999A,1,,Served,40,40,0,100,0,0,0,0,,0,2,2,,,,0,0,0,2,1
any_whs,O_233119-1-1-101,310002_WA001_102_9999A,1,,Served,20,20,0,100,0,0,0,0,,0,2,2,,,,0,0,0,2,1
any_whs,O_233376-1-1-101,310015_ID002-WA001_102_9999A,1,,Served,0.5,0.5,0,100,0,0,0,0,,0,2,2,,,,0,0,0,2,1
any_whs,O_233376-1-1-102,310015_ID002-WA001_102_9999A,1,,Served,0.1,0.1,0,100,0,0,0,0,,0,2,2,,,,0,0,0,2,1
any_whs,O_233376-1-1-103,310015_ID002-WA001_102_9999A,1,,Served,0.5,0.5,0,100,0,0,0,0,,0,2,2,,,,0,0,0,2,1
any_whs,O_233376-1-1-104,310015_ID002-WA001_102_9999A,1,,Served,0.4,0.4,0,100,0,0,0,0,,0,2,2,,,,0,0,0,2,1
any_whs,O_233376-1-1-105,310015_ID002-WA001_102_9999A,1,,Served,0.2,0.2,0,100,0,0,0,0,,0,2,2,,,,0,0,0,2,1
any_whs,O_233376-1-1-106,310015_ID002-WA001_102_9999A,1,,Served,0.2,0.2,0,100,0,0,0,0,,0,2,2,,,,0,0,0,2,1
any_whs,O_233376-1-1-107,310015_ID002-WA001_102_9999A,1,,Served,0.1,0.1,0,100,0,0,0,0,,0,2,2,,,,0,0,0,2,1
any_whs,O_233376-1-1-108,310015_ID002-WA001_102_9999A,1,,Served,0.1,0.1,0,100,0,0,0,0,,0,2,2,,,,0,0,0,2,1
any_whs,O_233016-1-2-104,310015_WA001_102_9999E,1,,Served,15,15,0,100,0,0,0,0,,0,2,2,,,,0,0,0,2,1
any_whs,O_232865-1-3-108,310724_WA002_102_9999E,1,,Served,120,120,0,100,0,0,0,0,,0,2,2,,,,0,0,0,2,1
any_whs,O_232487-1-2-107,310002_WA001_102_9999A,3,,Served,15,15,0,100,0,0,0,0,,0,4,4,,,,0,0,0,2,1
any_whs,O_233017-1-1-102,310002_WA001_102_9999E,3,,Served,15,15,0,100,0,0,0,0,,0,4,4,,,,0,0,0,2,1
any_whs,O_233366-1-1-101,310015_ID002_101_3123A,3,,Served,15,15,0,100,0,0,0,0,,0,4,4,,,,0,0,0,2,1
any_whs,O_233366-1-1-102,310015_ID002_101_3123A,3,,Served,15,15,0,100,0,0,0,0,,0,4,4,,,,0,0,0,2,1
any_whs,O_233367-1-1-102,310015_ID002_101_3123A,3,,Served,15,15,0,100,0,0,0,0,,0,4,4,,,,0,0,0,2,1
any_whs,O_233367-1-1-103,310015_ID002_101_3123A,3,,Served,15,15,0,100,0,0,0,0,,0,4,4,,,,0,0,0,2,1
any_whs,O_233287-1-1-101,310015_ID002_102_9999A,3,,Served,15,15,0,100,0,0,0,0,,0,4,4,,,,0,0,0,2,1
any_whs,O_233329-1-1-101,310015_WA001_102_9999A,3,,Served,20,20,0,100,0,0,0,0,,0,4,4,,,,0,0,0,2,1
any_whs,O_233329-1-1-102,310015_WA001_102_9999A,3,,Served,20,20,0,100,0,0,0,0,,0,4,4,,,,0,0,0,2,1
any_whs,O_233336-1-1-111,310015_WA002_102_9999A,3,,Served,15,15,0,100,0,0,0,0,,0,4,4,,,,0,0,0,2,1
any_whs,O_233336-1-1-112,310015_WA002_102_9999A,3,,Served,15,15,0,100,0,0,0,0,,0,4,4,,,,0,0,0,2,1
any_whs,O_233336-1-1-113,310015_WA002_102_9999A,3,,Served,15,15,0,100,0,0,0,0,,0,4,4,,,,0,0,0,2,1
any_whs,O_233336-1-1-114,310015_WA002_102_9999A,3,,Served,15,15,0,100,0,0,0,0,,0,4,4,,,,0,0,0,2,1
any_whs,O_233336-1-1-115,310015_WA002_102_9999A,3,,Served,15,15,0,100,0,0,0,0,,0,4,4,,,,0,0,0,2,1
any_whs,O_232663-1-1-103,310726_WA002_101_3035A,4,,Partially Served,20,7,13,35,0,0,0,12610013,,0,5,5,,,,0,0,12610013,2,1
any_whs,O_233296-1-1-101,310726_WA003-WA002_101_9999E,4,,Served,80,80,0,100,0,0,0,0,,0,5,5,,,,0,0,0,2,1
any_whs,O_233296-1-1-102,310726_WA003-WA002_101_9999E,4,,Served,80,80,0,100,0,0,0,0,,0,5,5,,,,0,0,0,2,1
any_whs,O_232381-1-2-102,310726_WA003-WA002_102_9999A,4,,Served,40,40,0,100,0,0,0,0,,0,5,5,,,,0,0,0,2,1
any_whs,O_233211-1-1-101,310726_WA003_101_3033A,5,,Served,8,8,0,100,0,0,0,0,,0,6,6,,,,0,0,0,2,1
any_whs,O_232701-1-5-118,310015_ID002_102_9999A,6,,Served,15,15,0,100,0,0,0,0,,0,7,7,,,,0,0,0,2,1
any_whs,O_233156-1-2-105,310015_WA001_102_9999A,6,,Served,15,15,0,100,0,0,0,0,,0,7,7,,,,0,0,0,2,1
any_whs,O_233329-1-1-103,310015_WA001_102_9999A,6,,Served,20,20,0,100,0,0,0,0,,0,7,7,,,,0,0,0,2,1
any_whs,O_233329-1-1-104,310015_WA001_102_9999A,6,,Served,20,20,0,100,0,0,0,0,,0,7,7,,,,0,0,0,2,1
any_whs,O_233329-1-1-105,310015_WA001_102_9999A,6,,Served,20,20,0,100,0,0,0,0,,0,7,7,,,,0,0,0,2,1
any_whs,O_10015690,310015_WA003_102_9999A,6,,Partially Served,15,8,7,53.33333333,0,0,0,6685007,,0,7,7,,,,0,0,6685007,2,1
any_whs,O_232948-1-1-102,310726_WA003-WA002_101_9999E,6,,Served,20,20,0,100,0,0,0,0,,0,7,7,,,,0,0,0,2,1
any_whs,O_232483-1-3-107,310774_WA001_102_9999A,6,,Served,19,19,0,100,0,0,0,0,,0,7,7,,,,0,0,0,2,1
any_whs,O_233315-1-1-101,310002_WA001_101_9999A,7,,Served,40,40,0,100,0,0,0,0,,0,8,8,,,,0,0,0,2,1
any_whs,O_233366-1-1-103,310015_ID002_101_3123A,7,,Served,15,15,0,100,0,0,0,0,,0,8,8,,,,0,0,0,2,1
any_whs,O_233367-1-1-104,310015_ID002_101_3123A,7,,Served,15,15,0,100,0,0,0,0,,0,8,8,,,,0,0,0,2,1
any_whs,O_233320-1-1-117,310015_WA001_102_9999A,7,,Served,15,15,0,100,0,0,0,0,,0,8,8,,,,0,0,0,2,1
any_whs,O_233320-1-1-118,310015_WA001_102_9999A,7,,Served,15,15,0,100,0,0,0,0,,0,8,8,,,,0,0,0,2,1
any_whs,O_233320-1-1-119,310015_WA001_102_9999A,7,,Served,15,15,0,100,0,0,0,0,,0,8,8,,,,0,0,0,2,1
any_whs,O_233362-1-1-102,310086_ID002_101_3139A,7,,Served,19,19,0,100,0,0,0,0,,0,8,8,,,,0,0,0,2,1
any_whs,O_233362-1-1-103,310086_ID002_101_3139A,7,,Served,19,19,0,100,0,0,0,0,,0,8,8,,,,0,0,0,2,1
any_whs,O_233362-1-1-104,310086_ID002_101_3139A,7,,Served,19,19,0,100,0,0,0,0,,0,8,8,,,,0,0,0,2,1
any_whs,O_233362-1-1-105,310086_ID002_101_3139A,7,,Served,19,19,0,100,0,0,0,0,,0,8,8,,,,0,0,0,2,1
any_whs,O_232935-1-2-102,310724_WA002_102_9999E,7,,Served,40,40,0,100,0,0,0,0,,0,8,8,,,,0,0,0,2,1
any_whs,O_233397-1-1-101,310726_WA003-WA002_102_9999A,7,,Served,20,20,0,100,0,0,0,0,,0,8,8,,,,0,0,0,2,1
any_whs,O_233397-1-1-102,310726_WA003-WA002_102_9999A,7,,Served,20,20,0,100,0,0,0,0,,0,8,8,,,,0,0,0,2,1
any_whs,O_233397-1-1-103,310726_WA003-WA002_102_9999A,7,,Served,20,20,0,100,0,0,0,0,,0,8,8,,,,0,0,0,2,1
any_whs,O_233397-1-1-104,310726_WA003-WA002_102_9999A,7,,Served,20,20,0,100,0,0,0,0,,0,8,8,,,,0,0,0,2,1
any_whs,O_233397-1-1-105,310726_WA003-WA002_102_9999A,7,,Served,20,20,0,100,0,0,0,0,,0,8,8,,,,0,0,0,2,1
any_whs,O_233397-1-1-106,310726_WA003-WA002_102_9999A,7,,Served,20,20,0,100,0,0,0,0,,0,8,8,,,,0,0,0,2,1
any_whs,O_233397-1-1-107,310726_WA003-WA002_102_9999A,7,,Served,20,20,0,100,0,0,0,0,,0,8,8,,,,0,0,0,2,1
any_whs,O_233397-1-1-108,310726_WA003-WA002_102_9999A,7,,Served,20,20,0,100,0,0,0,0,,0,8,8,,,,0,0,0,2,1
any_whs,O_233397-1-1-109,310726_WA003-WA002_102_9999A,7,,Served,20,20,0,100,0,0,0,0,,0,8,8,,,,0,0,0,2,1
any_whs,O_233397-1-1-110,310726_WA003-WA002_102_9999A,7,,Served,20,20,0,100,0,0,0,0,,0,8,8,,,,0,0,0,2,1
any_whs,O_232128-1-6-123,310726_WA003_101_3007DRYGUM,7,,Served,40,40,0,100,0,0,0,0,,0,8,8,,,,0,0,0,2,1
any_whs,O_233320-1-1-120,310015_WA001_102_9999A,8,,Served,15,15,0,100,0,0,0,0,,0,9,9,,,,0,0,0,2,1
any_whs,O_233320-1-1-121,310015_WA001_102_9999A,8,,Served,15,15,0,100,0,0,0,0,,0,9,9,,,,0,0,0,2,1
any_whs,O_233320-1-1-122,310015_WA001_102_9999A,8,,Served,15,15,0,100,0,0,0,0,,0,9,9,,,,0,0,0,2,1
any_whs,O_233107-1-1-103,310724_WA002-WA003_101_9999E,8,,Served,400,400,0,100,0,0,0,0,,0,9,9,,,,0,0,0,2,1
any_whs,O_232946-1-2-103,310724_WA002-WA003_102_9999E,8,,Served,40.1,40.1,0,100,0,0,0,0,,0,9,9,,,,0,0,0,2,1
any_whs,O_232946-1-2-106,310724_WA002-WA003_102_9999E,8,,Served,20,20,0,100,0,0,0,0,,0,9,9,,,,0,0,0,2,1
any_whs,O_233064-1-1-101,310726_WA002_101_9999E,8,,Not Served,20.1,0,20.1,0,0,0,0,18894020.1,,0,9,9,,,,0,0,18894020.1,2,1
any_whs,O_233064-1-1-102,310726_WA002_101_9999E,8,,Not Served,60,0,60,0,0,0,0,56400120,,0,9,9,,,,0,0,56400120,2,1
any_whs,O_233064-1-1-103,310726_WA002_101_9999E,8,,Not Served,80,0,80,0,0,0,0,75200240,,0,9,9,,,,0,0,75200240,2,1
any_whs,O_233183-1-1-101,310726_WA002_101_9999E,8,,Partially Served,40,10,30,25,0,0,0,28200120,,0,9,9,,,,0,0,28200120,2,1
any_whs,O_233183-1-1-104,310726_WA003_101_9999E,8,,Served,40,40,0,100,0,0,0,0,,0,9,9,,,,0,0,0,2,1
any_whs,O_232483-1-3-108,310774_WA001_102_9999A,8,,Served,19,19,0,100,0,0,0,0,,0,9,9,,,,0,0,0,2,1
any_whs,O_233320-1-1-123,310015_WA001_102_9999A,9,,Served,15,15,0,100,0,0,0,0,,0,10,10,,,,0,0,0,2,1
any_whs,O_233320-1-1-124,310015_WA001_102_9999A,9,,Served,15,15,0,100,0,0,0,0,,0,10,10,,,,0,0,0,2,1
any_whs,O_233320-1-1-125,310015_WA001_102_9999A,9,,Served,15,15,0,100,0,0,0,0,,0,10,10,,,,0,0,0,2,1
any_whs,O_233188-1-1-102,310726_WA003-WA002_101_9999E,9,,Served,80,80,0,100,0,0,0,0,,0,10,10,,,,0,0,0,2,1
any_whs,O_233204-1-1-101,310726_WA003-WA002_101_9999E,9,,Served,40,40,0,100,0,0,0,0,,0,10,10,,,,0,0,0,2,1
any_whs,O_233366-1-1-104,310015_ID002_101_3123A,10,,Served,15,15,0,100,0,0,0,0,,0,11,11,,,,0,0,0,2,1
any_whs,O_233366-1-1-105,310015_ID002_101_3123A,10,,Served,15,15,0,100,0,0,0,0,,0,11,11,,,,0,0,0,2,1
any_whs,O_233367-1-1-105,310015_ID002_101_3123A,10,,Served,15,15,0,100,0,0,0,0,,0,11,11,,,,0,0,0,2,1
any_whs,O_233367-1-1-106,310015_ID002_101_3123A,10,,Served,15,15,0,100,0,0,0,0,,0,11,11,,,,0,0,0,2,1
any_whs,O_233320-1-1-126,310015_WA001_102_9999A,10,,Served,15,15,0,100,0,0,0,0,,0,11,11,,,,0,0,0,2,1
any_whs,O_233320-1-1-127,310015_WA001_102_9999A,10,,Served,15,15,0,100,0,0,0,0,,0,11,11,,,,0,0,0,2,1
any_whs,O_233336-1-1-116,310015_WA002_102_9999A,10,,Served,15,15,0,100,0,0,0,0,,0,11,11,,,,0,0,0,2,1
any_whs,O_233336-1-1-117,310015_WA002_102_9999A,10,,Served,15,15,0,100,0,0,0,0,,0,11,11,,,,0,0,0,2,1
any_whs,O_233336-1-1-118,310015_WA002_102_9999A,10,,Served,15,15,0,100,0,0,0,0,,0,11,11,,,,0,0,0,2,1
any_whs,O_233336-1-1-119,310015_WA002_102_9999A,10,,Served,15,15,0,100,0,0,0,0,,0,11,11,,,,0,0,0,2,1
any_whs,O_233336-1-1-120,310015_WA002_102_9999A,10,,Served,15,15,0,100,0,0,0,0,,0,11,11,,,,0,0,0,2,1
any_whs,O_232935-1-3-103,310724_WA002_102_9999E,10,,Served,40,40,0,100,0,0,0,0,,0,11,11,,,,0,0,0,2,1
any_whs,O_233183-1-1-102,310726_WA002_101_9999E,10,,Not Served,40,0,40,0,0,0,0,37000040,,0,11,11,,,,0,0,37000040,2,1
any_whs,O_10015663,310726_WA003_103_9999A,10,,Served,14.4,14.4,0,100,0,0,0,0,,0,11,11,,,,0,0,0,2,1
any_whs,O_232513-1-4-110,310768_ID002_101_3200A,10,,Served,19,19,0,100,0,0,0,0,,0,11,11,,,,0,0,0,2,1
any_whs,O_232513-1-4-111,310768_ID002_101_9999A,10,,Partially Served,19,13,6,68.42105263,0,0,0,5550006,,0,11,11,,,,0,0,5550006,2,1
any_whs,O_233032-1-1-101,310726_WA003_101_3025S,11,,Served,120,120,0,100,0,0,0,0,,0,12,12,,,,0,0,0,2,1
any_whs,O_232146-1-5-121,310015_ID002_102_9999A,12,,Served,15,15,0,100,0,0,0,0,,0,13,13,,,,0,0,0,2,1
any_whs,O_232146-1-5-122,310015_ID002_102_9999A,12,,Served,15,15,0,100,0,0,0,0,,0,13,13,,,,0,0,0,2,1
any_whs,O_232146-1-5-123,310015_ID002_102_9999A,12,,Served,15,15,0,100,0,0,0,0,,0,13,13,,,,0,0,0,2,1
any_whs,O_232146-1-5-124,310015_ID002_102_9999A,12,,Served,15,15,0,100,0,0,0,0,,0,13,13,,,,0,0,0,2,1
any_whs,O_232146-1-5-125,310015_ID002_102_9999A,12,,Served,15,15,0,100,0,0,0,0,,0,13,13,,,,0,0,0,2,1
any_whs,O_233118-1-1-101,310726_WA003-WA002_102_9999A,12,,Served,60,60,0,100,0,0,0,0,,0,13,13,,,,0,0,0,2,1
any_whs,O_233017-1-2-103,310002_WA001_102_9999E,13,,Partially Served,15,12,3,80,0,0,0,2707503,,0,14,14,,,,0,0,2707503,2,1
any_whs,O_233367-1-1-107,310015_ID002_101_3123A,13,,Served,15,15,0,100,0,0,0,0,,0,14,14,,,,0,0,0,2,1
any_whs,O_232701-1-5-119,310015_ID002_102_9999A,13,,Served,15,15,0,100,0,0,0,0,,0,14,14,,,,0,0,0,2,1
any_whs,O_233320-1-1-128,310015_WA001_102_9999A,13,,Served,15,15,0,100,0,0,0,0,,0,14,14,,,,0,0,0,2,1
any_whs,O_233320-1-1-129,310015_WA001_102_9999A,13,,Served,15,15,0,100,0,0,0,0,,0,14,14,,,,0,0,0,2,1
any_whs,O_233320-1-1-130,310015_WA001_102_9999A,13,,Served,15,15,0,100,0,0,0,0,,0,14,14,,,,0,0,0,2,1
any_whs,O_233016-1-3-105,310015_WA001_102_9999E,13,,Served,15,15,0,100,0,0,0,0,,0,14,14,,,,0,0,0,2,1
any_whs,O_232513-1-5-113,310768_ID002_101_3200A,13,,Not Served,20,0,20,0,0,0,0,18050020,,0,14,14,,,,0,0,18050020,2,1
any_whs,O_232483-1-3-109,310774_WA001_102_9999A,13,,Served,19,19,0,100,0,0,0,0,,0,14,14,,,,0,0,0,2,1
any_whs,O_232678-1-4-106,310015_ID002_102_3117A,14,,Served,16,16,0,100,0,0,0,0,,0,15,15,,,,0,0,0,2,1
any_whs,O_232678-1-4-107,310015_ID002_102_3117A,14,,Served,16,16,0,100,0,0,0,0,,0,15,15,,,,0,0,0,2,1
any_whs,O_232128-1-6-124,310726_WA003_101_3007DRYGUM,14,,Served,120,120,0,100,0,0,0,0,,0,15,15,,,,0,0,0,2,1
any_whs,O_232910-1-1-102,310002_WA001_102_9999A,15,,Served,1,1,0,100,0,0,0,0,,0,16,16,,,,0,0,0,2,1
any_whs,O_233156-1-2-106,310015_WA001_102_9999A,15,,Served,15,15,0,100,0,0,0,0,,0,16,16,,,,0,0,0,2,1
any_whs,O_232865-1-3-109,310724_WA002_102_9999E,15,,Partially Served,120,37.9,82.1,31.58333333,0,0,0,72863832.1,,0,16,16,,,,0,0,72863832.1,2,1
any_whs,O_233232-1-1-102,310724_WA002_102_9999E,15,,Served,200,200,0,100,0,0,0,0,,0,16,16,,,,0,0,0,2,1
any_whs,O_233232-1-1-103,310724_WA002_102_9999E,15,,Served,200,200,0,100,0,0,0,0,,0,16,16,,,,0,0,0,2,1
any_whs,O_232513-1-5-114,310768_ID002_101_3200A,15,,Not Served,20,0,20,0,0,0,0,17750020,,0,16,16,,,,0,0,17750020,2,1
any_whs,O_232152-1-5-106,310002_WA001_102_9999A,17,,Not Served,15,0,15,0,0,0,0,13087515,,0,18,18,,,,0,0,13087515,2,1
any_whs,O_233119-1-2-102,310002_WA001_102_9999A,17,,Partially Served,40,12,28,30,0,0,0,24430056,,0,18,18,,,,0,0,24430056,2,1
any_whs,O_233367-1-1-108,310015_ID002_101_3123A,17,,Served,15,15,0,100,0,0,0,0,,0,18,18,,,,0,0,0,2,1
any_whs,O_233367-1-1-109,310015_ID002_101_3123A,17,,Served,15,15,0,100,0,0,0,0,,0,18,18,,,,0,0,0,2,1
any_whs,O_233245-1-1-101,310015_ID002_102_9999E,17,,Served,20,20,0,100,0,0,0,0,,0,18,18,,,,0,0,0,2,1
any_whs,O_233245-1-1-102,310015_ID002_102_9999E,17,,Served,20,20,0,100,0,0,0,0,,0,18,18,,,,0,0,0,2,1
any_whs,O_232485-1-1-101,310015_WA001_102_9999A,17,,Served,4,4,0,100,0,0,0,0,,0,18,18,,,,0,0,0,2,1
any_whs,O_233390-1-1-101,310015_WA001_102_9999A,17,,Served,15,15,0,100,0,0,0,0,,0,18,18,,,,0,0,0,2,1
any_whs,O_233390-1-1-102,310015_WA001_102_9999A,17,,Served,15,15,0,100,0,0,0,0,,0,18,18,,,,0,0,0,2,1
any_whs,O_233390-1-1-103,310015_WA001_102_9999A,17,,Served,15,15,0,100,0,0,0,0,,0,18,18,,,,0,0,0,2,1
any_whs,O_233390-1-1-104,310015_WA001_102_9999A,17,,Served,15,15,0,100,0,0,0,0,,0,18,18,,,,0,0,0,2,1
any_whs,O_233390-1-1-105,310015_WA001_102_9999A,17,,Served,15,15,0,100,0,0,0,0,,0,18,18,,,,0,0,0,2,1
any_whs,O_233390-1-1-106,310015_WA001_102_9999A,17,,Served,15,15,0,100,0,0,0,0,,0,18,18,,,,0,0,0,2,1
any_whs,O_233390-1-1-107,310015_WA001_102_9999A,17,,Served,15,15,0,100,0,0,0,0,,0,18,18,,,,0,0,0,2,1
any_whs,O_233390-1-1-108,310015_WA001_102_9999A,17,,Served,15,15,0,100,0,0,0,0,,0,18,18,,,,0,0,0,2,1
any_whs,O_233390-1-1-109,310015_WA001_102_9999A,17,,Served,15,15,0,100,0,0,0,0,,0,18,18,,,,0,0,0,2,1
any_whs,O_233390-1-1-110,310015_WA001_102_9999A,17,,Served,15,15,0,100,0,0,0,0,,0,18,18,,,,0,0,0,2,1
any_whs,O_233390-1-1-111,310015_WA001_102_9999A,17,,Served,15,15,0,100,0,0,0,0,,0,18,18,,,,0,0,0,2,1
any_whs,O_232663-1-1-104,310726_WA002_101_3035A,17,,Not Served,20,0,20,0,0,0,0,17450020,,0,18,18,,,,0,0,17450020,2,1
any_whs,O_232381-1-3-103,310726_WA003-WA002_102_9999A,17,,Served,40,40,0,100,0,0,0,0,,0,18,18,,,,0,0,0,2,1
any_whs,O_232128-1-7-126,310726_WA003_101_3007DRYGUM,17,,Served,100,100,0,100,0,0,0,0,,0,18,18,,,,0,0,0,2,1
any_whs,O_232128-1-7-127,310726_WA003_101_3007DRYGUM,17,,Served,100,100,0,100,0,0,0,0,,0,18,18,,,,0,0,0,2,1
any_whs,O_232128-1-7-128,310726_WA003_101_3007DRYGUM,17,,Served,100,100,0,100,0,0,0,0,,0,18,18,,,,0,0,0,2,1
any_whs,O_232128-1-7-129,310726_WA003_101_3007DRYGUM,17,,Served,100,100,0,100,0,0,0,0,,0,18,18,,,,0,0,0,2,1
any_whs,O_232128-1-7-130,310726_WA003_101_3007DRYGUM,17,,Served,100,100,0,100,0,0,0,0,,0,18,18,,,,0,0,0,2,1
any_whs,O_232128-1-7-131,310726_WA003_101_3007DRYGUM,17,,Served,80,80,0,100,0,0,0,0,,0,18,18,,,,0,0,0,2,1
any_whs,O_233235-1-1-101,310726_WA003_102_9999E,17,,Served,200,200,0,100,0,0,0,0,,0,18,18,,,,0,0,0,2,1
any_whs,O_233244-1-1-101,310726_WA003_102_9999E,17,,Served,240,240,0,100,0,0,0,0,,0,18,18,,,,0,0,0,2,1
any_whs,O_233244-1-1-102,310726_WA003_102_9999E,17,,Served,240,240,0,100,0,0,0,0,,0,18,18,,,,0,0,0,2,1
any_whs,O_233183-1-1-103,310726_WA002_101_9999E,18,,Not Served,20,0,20,0,0,0,0,17300020,,0,19,19,,,,0,0,17300020,2,1
any_whs,O_233183-1-1-106,310726_WA003_101_9999E,18,,Served,40,40,0,100,0,0,0,0,,0,19,19,,,,0,0,0,2,1
any_whs,O_233215-1-1-101,310726_WA003_101_9999E,18,,Served,20,20,0,100,0,0,0,0,,0,19,19,,,,0,0,0,2,1
any_whs,O_232664-1-1-102,310726_WA002_101_3035A,19,,Not Served,40,0,40,0,0,0,0,34300040,,0,20,20,,,,0,0,34300040,2,1
any_whs,O_233265-1-1-101,310726_WA003_102_9999E,19,,Served,60,60,0,100,0,0,0,0,,0,20,20,,,,0,0,0,2,1
any_whs,O_232701-1-5-120,310015_ID002_102_9999A,20,,Served,15,15,0,100,0,0,0,0,,0,21,21,,,,0,0,0,2,1
any_whs,O_233378-1-1-101,310015_WA001_102_9999A,20,,Not Served,15,0,15,0,0,0,0,12750015,,0,21,21,,,,0,0,12750015,2,1
any_whs,O_233378-1-1-102,310015_WA001_102_9999A,20,,Not Served,15,0,15,0,0,0,0,12750030,,0,21,21,,,,0,0,12750030,2,1
any_whs,O_233378-1-1-103,310015_WA001_102_9999A,20,,Not Served,15,0,15,0,0,0,0,12750045,,0,21,21,,,,0,0,12750045,2,1
any_whs,O_233378-1-1-104,310015_WA001_102_9999A,20,,Not Served,15,0,15,0,0,0,0,12750060,,0,21,21,,,,0,0,12750060,2,1
any_whs,O_233378-1-1-105,310015_WA001_102_9999A,20,,Not Served,15,0,15,0,0,0,0,12750075,,0,21,21,,,,0,0,12750075,2,1
any_whs,O_233378-1-1-106,310015_WA001_102_9999A,20,,Not Served,15,0,15,0,0,0,0,12750090,,0,21,21,,,,0,0,12750090,2,1
any_whs,O_233378-1-1-107,310015_WA001_102_9999A,20,,Not Served,15,0,15,0,0,0,0,12750105,,0,21,21,,,,0,0,12750105,2,1
any_whs,O_233378-1-1-108,310015_WA001_102_9999A,20,,Not Served,15,0,15,0,0,0,0,12750120,,0,21,21,,,,0,0,12750120,2,1
any_whs,O_233378-1-1-109,310015_WA001_102_9999A,20,,Partially Served,15,11,4,73.33333333,0,0,0,3400036,,0,21,21,,,,0,0,3400036,2,1
any_whs,O_233378-1-1-110,310015_WA001_102_9999A,20,,Served,15,15,0,100,0,0,0,0,,0,21,21,,,,0,0,0,2,1
any_whs,O_233378-1-1-111,310015_WA001_102_9999A,20,,Served,15,15,0,100,0,0,0,0,,0,21,21,,,,0,0,0,2,1
any_whs,O_233229-1-1-101,310724_WA002_101_3041A,20,,Not Served,20,0,20,0,0,0,0,17000020,,0,21,21,,,,0,0,17000020,2,1
any_whs,O_233296-1-2-103,310726_WA003-WA002_101_9999E,20,,Served,80,80,0,100,0,0,0,0,,0,21,21,,,,0,0,0,2,1
any_whs,O_232130-1-8-120,310726_WA003_101_3007DRYGUM,20,,Served,40,40,0,100,0,0,0,0,,0,21,21,,,,0,0,0,2,1
any_whs,O_232130-1-8-121,310726_WA003_101_3007DRYGUM,20,,Served,40,40,0,100,0,0,0,0,,0,21,21,,,,0,0,0,2,1
any_whs,O_232130-1-8-122,310726_WA003_101_3007DRYGUM,20,,Served,20,20,0,100,0,0,0,0,,0,21,21,,,,0,0,0,2,1
any_whs,O_232483-1-3-110,310774_WA001_102_9999A,20,,Served,19,19,0,100,0,0,0,0,,0,21,21,,,,0,0,0,2,1
any_whs,O_233367-1-1-110,310015_ID002_101_3123A,21,,Served,15,15,0,100,0,0,0,0,,0,22,22,,,,0,0,0,2,1
any_whs,O_233230-1-2-106,310015_WA001_101_9999A,21,,Not Served,19,0,19,0,0,0,0,16007519,,0,22,22,,,,0,0,16007519,2,1
any_whs,O_233230-1-2-107,310015_WA001_101_9999A,21,,Not Served,19,0,19,0,0,0,0,16007538,,0,22,22,,,,0,0,16007538,2,1
any_whs,O_233230-1-2-108,310015_WA001_101_9999A,21,,Not Served,19,0,19,0,0,0,0,16007557,,0,22,22,,,,0,0,16007557,2,1
any_whs,O_233230-1-2-109,310015_WA001_101_9999A,21,,Not Served,19,0,19,0,0,0,0,16007576,,0,22,22,,,,0,0,16007576,2,1
any_whs,O_233230-1-2-110,310015_WA001_101_9999A,21,,Not Served,19,0,19,0,0,0,0,16007595,,0,22,22,,,,0,0,16007595,2,1
any_whs,O_233314-1-1-101,310724_WA002_101_3041A,21,,Not Served,40,0,40,0,0,0,0,33700040,,0,22,22,,,,0,0,33700040,2,1
any_whs,O_233227-1-1-102,310726_WA003_101_3007S,21,,Served,400,400,0,100,0,0,0,0,,0,22,22,,,,0,0,0,2,1
any_whs,O_232630-1-1-104,310015_ID002-WA001_102_9999A,22,,Served,21,21,0,100,0,0,0,0,,0,23,23,,,,0,0,0,2,1
any_whs,O_232630-1-1-105,310015_ID002-WA001_102_9999A,22,,Served,21,21,0,100,0,0,0,0,,0,23,23,,,,0,0,0,2,1
any_whs,O_232701-1-6-121,310015_ID002_102_9999A,22,,Served,15,15,0,100,0,0,0,0,,0,23,23,,,,0,0,0,2,1
any_whs,O_232701-1-6-122,310015_ID002_102_9999A,22,,Served,15,15,0,100,0,0,0,0,,0,23,23,,,,0,0,0,2,1
any_whs,O_232701-1-6-123,310015_ID002_102_9999A,22,,Served,15,15,0,100,0,0,0,0,,0,23,23,,,,0,0,0,2,1
any_whs,O_232701-1-6-124,310015_ID002_102_9999A,22,,Served,15,15,0,100,0,0,0,0,,0,23,23,,,,0,0,0,2,1
any_whs,O_233186-1-1-101,310726_WA003-WA002_101_9999E,22,,Served,20,20,0,100,0,0,0,0,,0,23,23,,,,0,0,0,2,1
any_whs,O_233205-1-1-101,310726_WA003-WA002_101_9999E,22,,Served,20,20,0,100,0,0,0,0,,0,23,23,,,,0,0,0,2,1
any_whs,O_232483-1-3-111,310774_WA001_102_9999A,22,,Served,19,19,0,100,0,0,0,0,,0,23,23,,,,0,0,0,2,1
any_whs,O_233369-1-1-107,310015_ID002-WA001_102_9999A,23,,Served,21,21,0,100,0,0,0,0,,0,24,24,,,,0,0,0,2,1
any_whs,O_233369-1-1-108,310015_ID002-WA001_102_9999A,23,,Served,1,1,0,100,0,0,0,0,,0,24,24,,,,0,0,0,2,1
any_whs,O_233369-1-1-109,310015_ID002-WA001_102_9999A,23,,Served,1,1,0,100,0,0,0,0,,0,24,24,,,,0,0,0,2,1
any_whs,O_233369-1-1-114,310015_ID002-WA001_102_9999A,23,,Served,21,21,0,100,0,0,0,0,,0,24,24,,,,0,0,0,2,1
any_whs,O_233369-1-1-115,310015_ID002-WA001_102_9999A,23,,Served,21,21,0,100,0,0,0,0,,0,24,24,,,,0,0,0,2,1
any_whs,O_233369-1-1-116,310015_ID002-WA001_102_9999A,23,,Served,21,21,0,100,0,0,0,0,,0,24,24,,,,0,0,0,2,1
any_whs,O_233369-1-1-117,310015_ID002-WA001_102_9999A,23,,Served,21,21,0,100,0,0,0,0,,0,24,24,,,,0,0,0,2,1
any_whs,O_233369-1-1-118,310015_ID002-WA001_102_9999A,23,,Served,21,21,0,100,0,0,0,0,,0,24,24,,,,0,0,0,2,1
any_whs,O_233369-1-1-119,310015_ID002-WA001_102_9999A,23,,Served,21,21,0,100,0,0,0,0,,0,24,24,,,,0,0,0,2,1
any_whs,O_233369-1-1-120,310015_ID002-WA001_102_9999A,23,,Served,21,21,0,100,0,0,0,0,,0,24,24,,,,0,0,0,2,1
any_whs,O_233374-1-1-104,310015_ID002-WA001_102_9999A,23,,Served,1,1,0,100,0,0,0,0,,0,24,24,,,,0,0,0,2,1
any_whs,O_233374-1-1-105,310015_ID002-WA001_102_9999A,23,,Served,1,1,0,100,0,0,0,0,,0,24,24,,,,0,0,0,2,1
any_whs,O_233374-1-1-106,310015_ID002-WA001_102_9999A,23,,Served,21,21,0,100,0,0,0,0,,0,24,24,,,,0,0,0,2,1
any_whs,O_233374-1-1-107,310015_ID002-WA001_102_9999A,23,,Served,21,21,0,100,0,0,0,0,,0,24,24,,,,0,0,0,2,1
any_whs,O_233374-1-1-108,310015_ID002-WA001_102_9999A,23,,Served,21,21,0,100,0,0,0,0,,0,24,24,,,,0,0,0,2,1
any_whs,O_233374-1-1-109,310015_ID002-WA001_102_9999A,23,,Served,21,21,0,100,0,0,0,0,,0,24,24,,,,0,0,0,2,1
any_whs,O_233374-1-1-110,310015_ID002-WA001_102_9999A,23,,Served,21,21,0,100,0,0,0,0,,0,24,24,,,,0,0,0,2,1
any_whs,O_233375-1-1-101,310015_ID002-WA001_102_9999A,23,,Served,21,21,0,100,0,0,0,0,,0,24,24,,,,0,0,0,2,1
any_whs,O_233375-1-1-102,310015_ID002-WA001_102_9999A,23,,Served,21,21,0,100,0,0,0,0,,0,24,24,,,,0,0,0,2,1
any_whs,O_233375-1-1-103,310015_ID002-WA001_102_9999A,23,,Served,21,21,0,100,0,0,0,0,,0,24,24,,,,0,0,0,2,1
any_whs,O_233375-1-1-104,310015_ID002-WA001_102_9999A,23,,Served,21,21,0,100,0,0,0,0,,0,24,24,,,,0,0,0,2,1
any_whs,O_233089-1-2-106,310015_ID002_102_9999A,23,,Served,21,21,0,100,0,0,0,0,,0,24,24,,,,0,0,0,2,1
any_whs,O_233089-1-2-107,310015_ID002_102_9999A,23,,Served,21,21,0,100,0,0,0,0,,0,24,24,,,,0,0,0,2,1
any_whs,O_233089-1-2-108,310015_ID002_102_9999A,23,,Served,21,21,0,100,0,0,0,0,,0,24,24,,,,0,0,0,2,1
any_whs,O_233089-1-2-109,310015_ID002_102_9999A,23,,Served,21,21,0,100,0,0,0,0,,0,24,24,,,,0,0,0,2,1
any_whs,O_233089-1-2-110,310015_ID002_102_9999A,23,,Served,21,21,0,100,0,0,0,0,,0,24,24,,,,0,0,0,2,1
any_whs,O_232675-1-6-114,310086_ID002_101_3140A,23,,Served,20,20,0,100,0,0,0,0,,0,24,24,,,,0,0,0,2,1
any_whs,O_233091-1-2-103,310086_ID002_102_9999A,23,,Served,23,23,0,100,0,0,0,0,,0,24,24,,,,0,0,0,2,1
any_whs,O_233107-1-1-102,310724_WA002-WA003_101_9999E,23,,Not Served,240,0,240,0,0,0,0,198600240,,0,24,24,,,,0,0,198600240,2,1
any_whs,O_232807-1-2-161,310015_ID002-WA001_102_9999A,24,,Served,20,20,0,100,0,0,0,0,,0,25,25,,,,0,0,0,2,1
any_whs,O_232807-1-2-162,310015_ID002-WA001_102_9999A,24,,Served,20,20,0,100,0,0,0,0,,0,25,25,,,,0,0,0,2,1
any_whs,O_232807-1-2-163,310015_ID002-WA001_102_9999A,24,,Served,20,20,0,100,0,0,0,0,,0,25,25,,,,0,0,0,2,1
any_whs,O_232807-1-2-164,310015_ID002-WA001_102_9999A,24,,Served,20,20,0,100,0,0,0,0,,0,25,25,,,,0,0,0,2,1
any_whs,O_232948-1-2-103,310726_WA003-WA002_101_9999E,24,,Not Served,20,0,20,0,0,0,0,16400020,,0,25,25,,,,0,0,16400020,2,1
any_whs,O_233262-1-1-101,310726_WA003_102_9999E,24,,Not Served,80,0,80,0,0,0,0,65600080,,0,25,25,,,,0,0,65600080,2,1
any_whs,O_233262-1-1-102,310726_WA003_102_9999E,24,,Partially Served,80,18.6,61.4,23.25,0,0,0,50348122.8,,0,25,25,,,,0,0,50348122.8,2,1
any_whs,O_233262-1-1-104,310726_WA003_102_9999E,24,,Served,80,80,0,100,0,0,0,0,,0,25,25,,,,0,0,0,2,1
any_whs,O_232501-1-6-121,310015_ID002-WA001_102_9999E,25,,Served,15,15,0,100,0,0,0,0,,0,26,26,,,,0,0,0,2,1
any_whs,O_232501-1-6-122,310015_ID002-WA001_102_9999E,25,,Served,15,15,0,100,0,0,0,0,,0,26,26,,,,0,0,0,2,1
any_whs,O_232501-1-6-123,310015_ID002-WA001_102_9999E,25,,Served,15,15,0,100,0,0,0,0,,0,26,26,,,,0,0,0,2,1
any_whs,O_232501-1-6-124,310015_ID002-WA001_102_9999E,25,,Served,15,15,0,100,0,0,0,0,,0,26,26,,,,0,0,0,2,1
any_whs,O_233322-1-1-101,310002_WA001_102_9999A,26,,Not Served,200,0,200,0,0,0,0,161000200,,0,27,27,,,,0,0,161000200,2,1
any_whs,O_233322-1-1-102,310002_WA001_102_9999A,26,,Not Served,200,0,200,0,0,0,0,161000400,,0,27,27,,,,0,0,161000400,2,1
any_whs,O_233322-1-2-103,310002_WA001_102_9999A,26,,Not Served,200,0,200,0,0,0,0,161000600,,0,27,27,,,,0,0,161000600,2,1
any_whs,O_232807-1-2-133,310015_ID002-WA001_102_9999A,26,,Served,20,20,0,100,0,0,0,0,,0,27,27,,,,0,0,0,2,1
any_whs,O_232807-1-2-134,310015_ID002-WA001_102_9999A,26,,Served,20,20,0,100,0,0,0,0,,0,27,27,,,,0,0,0,2,1
any_whs,O_232807-1-2-135,310015_ID002-WA001_102_9999A,26,,Served,20,20,0,100,0,0,0,0,,0,27,27,,,,0,0,0,2,1
any_whs,O_232807-1-2-136,310015_ID002-WA001_102_9999A,26,,Served,20,20,0,100,0,0,0,0,,0,27,27,,,,0,0,0,2,1
any_whs,O_232807-1-2-137,310015_ID002-WA001_102_9999A,26,,Served,20,20,0,100,0,0,0,0,,0,27,27,,,,0,0,0,2,1
any_whs,O_232807-1-2-138,310015_ID002-WA001_102_9999A,26,,Served,20,20,0,100,0,0,0,0,,0,27,27,,,,0,0,0,2,1
any_whs,O_232807-1-2-139,310015_ID002-WA001_102_9999A,26,,Served,20,20,0,100,0,0,0,0,,0,27,27,,,,0,0,0,2,1
any_whs,O_232807-1-2-140,310015_ID002-WA001_102_9999A,26,,Served,20,20,0,100,0,0,0,0,,0,27,27,,,,0,0,0,2,1
any_whs,O_232807-1-2-141,310015_ID002-WA001_102_9999A,26,,Served,20,20,0,100,0,0,0,0,,0,27,27,,,,0,0,0,2,1
any_whs,O_232807-1-2-142,310015_ID002-WA001_102_9999A,26,,Served,20,20,0,100,0,0,0,0,,0,27,27,,,,0,0,0,2,1
any_whs,O_232807-1-2-143,310015_ID002-WA001_102_9999A,26,,Served,20,20,0,100,0,0,0,0,,0,27,27,,,,0,0,0,2,1
any_whs,O_232807-1-2-144,310015_ID002-WA001_102_9999A,26,,Served,20,20,0,100,0,0,0,0,,0,27,27,,,,0,0,0,2,1
any_whs,O_232807-1-2-145,310015_ID002-WA001_102_9999A,26,,Served,20,20,0,100,0,0,0,0,,0,27,27,,,,0,0,0,2,1
any_whs,O_232807-1-2-146,310015_ID002-WA001_102_9999A,26,,Served,20,20,0,100,0,0,0,0,,0,27,27,,,,0,0,0,2,1
any_whs,O_232807-1-2-147,310015_ID002-WA001_102_9999A,26,,Served,20,20,0,100,0,0,0,0,,0,27,27,,,,0,0,0,2,1
any_whs,O_232807-1-2-148,310015_ID002-WA001_102_9999A,26,,Served,20,20,0,100,0,0,0,0,,0,27,27,,,,0,0,0,2,1
any_whs,O_232807-1-2-149,310015_ID002-WA001_102_9999A,26,,Served,20,20,0,100,0,0,0,0,,0,27,27,,,,0,0,0,2,1
any_whs,O_232807-1-2-150,310015_ID002-WA001_102_9999A,26,,Served,20,20,0,100,0,0,0,0,,0,27,27,,,,0,0,0,2,1
any_whs,O_232807-1-2-151,310015_ID002-WA001_102_9999A,26,,Served,20,20,0,100,0,0,0,0,,0,27,27,,,,0,0,0,2,1
any_whs,O_232807-1-2-152,310015_ID002-WA001_102_9999A,26,,Served,20,20,0,100,0,0,0,0,,0,27,27,,,,0,0,0,2,1
any_whs,O_232807-1-2-153,310015_ID002-WA001_102_9999A,26,,Served,20,20,0,100,0,0,0,0,,0,27,27,,,,0,0,0,2,1
any_whs,O_232807-1-2-154,310015_ID002-WA001_102_9999A,26,,Served,20,20,0,100,0,0,0,0,,0,27,27,,,,0,0,0,2,1
any_whs,O_232807-1-2-155,310015_ID002-WA001_102_9999A,26,,Served,20,20,0,100,0,0,0,0,,0,27,27,,,,0,0,0,2,1
any_whs,O_232807-1-2-156,310015_ID002-WA001_102_9999A,26,,Served,20,20,0,100,0,0,0,0,,0,27,27,,,,0,0,0,2,1
any_whs,O_232807-1-2-157,310015_ID002-WA001_102_9999A,26,,Served,20,20,0,100,0,0,0,0,,0,27,27,,,,0,0,0,2,1
any_whs,O_232807-1-2-158,310015_ID002-WA001_102_9999A,26,,Served,20,20,0,100,0,0,0,0,,0,27,27,,,,0,0,0,2,1
any_whs,O_232807-1-2-159,310015_ID002-WA001_102_9999A,26,,Served,20,20,0,100,0,0,0,0,,0,27,27,,,,0,0,0,2,1
any_whs,O_232807-1-2-160,310015_ID002-WA001_102_9999A,26,,Served,20,20,0,100,0,0,0,0,,0,27,27,,,,0,0,0,2,1
any_whs,O_233423-1-1-101,310015_ID002-WA001_102_9999A,26,,Served,20,20,0,100,0,0,0,0,,0,27,27,,,,0,0,0,2,1
any_whs,O_233423-1-1-102,310015_ID002-WA001_102_9999A,26,,Served,20,20,0,100,0,0,0,0,,0,27,27,,,,0,0,0,2,1
any_whs,O_233423-1-1-103,310015_ID002-WA001_102_9999A,26,,Served,20,20,0,100,0,0,0,0,,0,27,27,,,,0,0,0,2,1
any_whs,O_233423-1-1-104,310015_ID002-WA001_102_9999A,26,,Served,20,20,0,100,0,0,0,0,,0,27,27,,,,0,0,0,2,1
any_whs,O_233423-1-1-105,310015_ID002-WA001_102_9999A,26,,Served,20,20,0,100,0,0,0,0,,0,27,27,,,,0,0,0,2,1
any_whs,O_233423-1-1-106,310015_ID002-WA001_102_9999A,26,,Served,20,20,0,100,0,0,0,0,,0,27,27,,,,0,0,0,2,1
any_whs,O_233423-1-1-107,310015_ID002-WA001_102_9999A,26,,Served,20,20,0,100,0,0,0,0,,0,27,27,,,,0,0,0,2,1
any_whs,O_233423-1-1-108,310015_ID002-WA001_102_9999A,26,,Served,20,20,0,100,0,0,0,0,,0,27,27,,,,0,0,0,2,1
any_whs,O_233107-1-1-101,310724_WA002-WA003_101_9999E,26,,Not Served,160,0,160,0,0,0,0,128800160,,0,27,27,,,,0,0,128800160,2,1
any_whs,O_233281-1-1-101,310724_WA002-WA003_102_9999E,26,,Not Served,40,0,40,0,0,0,0,32200040,,0,27,27,,,,0,0,32200040,2,1
any_whs,O_232893-1-1-101,310724_WA002_102_9999A,26,,Served,15,15,0,100,0,0,0,0,,0,27,27,,,,0,0,0,2,1
any_whs,C_233277-1-2,310726_WA002-WA003_102_9999E,26,,Not Served,80,0,80,0,0,0,0,64400080,,0,27,27,,,,0,0,64400080,2,1
any_whs,C_233279-1-2,310726_WA002-WA003_102_9999E,26,,Not Served,40,0,40,0,0,0,0,32200080,,0,27,27,,,,0,0,32200080,2,1
any_whs,C_233393-1-2,310726_WA003-WA002_101_9999A,26,,Not Served,30,0,30,0,0,0,0,24150030,,0,27,27,,,,0,0,24150030,2,1
any_whs,C_233394-1-2,310726_WA003-WA002_101_9999E,26,,Not Served,60,0,60,0,0,0,0,48300060,,0,27,27,,,,0,0,48300060,2,1
any_whs,C_233258-1-1,310726_WA003_101_3025S,26,,Not Served,340,0,340,0,0,0,0,273700340,,0,27,27,,,,0,0,273700340,2,1
any_whs,O_232487-1-2-108,310002_WA001_102_9999A,27,,Not Served,15,0,15,0,0,0,0,11962515,,0,28,28,,,,0,0,11962515,2,1
any_whs,O_233156-1-3-107,310015_WA001_102_9999A,27,,Not Served,15,0,15,0,0,0,0,11962515,,0,28,28,,,,0,0,11962515,2,1
any_whs,O_232664-1-1-101,310726_WA002_101_3035A,27,,Not Served,160,0,160,0,0,0,0,127600160,,0,28,28,,,,0,0,127600160,2,1
any_whs,O_233223-1-1-103,310726_WA002_101_9999E,27,,Not Served,60,0,60,0,0,0,0,47850060,,0,28,28,,,,0,0,47850060,2,1
any_whs,O_232163-1-6-1181664,310726_WA003_101_3025S,27,,Not Served,100,0,100,0,0,0,0,79750100,,0,28,28,,,,0,0,79750100,2,1
any_whs,O_233236-1-1-101,310726_WA003_102_9999E,27,,Not Served,200,0,200,0,0,0,0,159500200,,0,28,28,,,,0,0,159500200,2,1
any_whs,O_233236-1-1-102,310726_WA003_102_9999E,27,,Not Served,200,0,200,0,0,0,0,159500400,,0,28,28,,,,0,0,159500400,2,1
any_whs,O_232483-1-4-112,310774_WA001_102_9999A,27,,Served,19,19,0,100,0,0,0,0,,0,28,28,,,,0,0,0,2,1
any_whs,O_233314-1-1-102,310724_WA002_101_3041A,28,,Not Served,40,0,40,0,0,0,0,31600040,,0,29,29,,,,0,0,31600040,2,1
any_whs,O_233232-1-1-101,310724_WA002_102_9999E,29,,Not Served,200,0,200,0,0,0,0,156500200,,0,30,30,,,,0,0,156500200,2,1
any_whs,O_233232-1-1-104,310724_WA002_102_9999E,29,,Not Served,200,0,200,0,0,0,0,156500400,,0,30,30,,,,0,0,156500400,2,1
any_whs,O_233238-1-1-101,310724_WA002_102_9999E,29,,Not Served,200,0,200,0,0,0,0,156500600,,0,30,30,,,,0,0,156500600,2,1
any_whs,O_233238-1-1-102,310724_WA002_102_9999E,29,,Not Served,200,0,200,0,0,0,0,156500800,,0,30,30,,,,0,0,156500800,2,1
any_whs,O_233238-1-1-103,310724_WA002_102_9999E,29,,Not Served,200,0,200,0,0,0,0,156501000,,0,30,30,,,,0,0,156501000,2,1
any_whs,O_233238-1-1-104,310724_WA002_102_9999E,29,,Not Served,120,0,120,0,0,0,0,93900720,,0,30,30,,,,0,0,93900720,2,1
any_whs,O_233235-1-1-102,310726_WA003_102_9999E,29,,Not Served,200,0,200,0,0,0,0,156500200,,0,30,30,,,,0,0,156500200,2,1
any_whs,O_233235-1-1-104,310726_WA003_102_9999E,29,,Not Served,200,0,200,0,0,0,0,156500400,,0,30,30,,,,0,0,156500400,2,1
any_whs,O_233235-1-1-105,310726_WA003_102_9999E,29,,Not Served,200,0,200,0,0,0,0,156500600,,0,30,30,,,,0,0,156500600,2,1
any_whs,O_233236-1-1-103,310726_WA003_102_9999E,29,,Not Served,200,0,200,0,0,0,0,156500800,,0,30,30,,,,0,0,156500800,2,1
any_whs,O_233241-1-1-101,310726_WA003_102_9999E,29,,Not Served,200,0,200,0,0,0,0,156501000,,0,30,30,,,,0,0,156501000,2,1
any_whs,O_233241-1-1-102,310726_WA003_102_9999E,29,,Not Served,120,0,120,0,0,0,0,93900720,,0,30,30,,,,0,0,93900720,2,1
any_whs,O_233223-1-1-101,310726_WA002-WA003_101_9999E,31,,Not Served,60,0,60,0,0,0,0,46050060,,0,32,32,,,,0,0,46050060,2,1
any_whs,O_233223-1-1-102,310726_WA002-WA003_101_9999E,31,,Not Served,60,0,60,0,0,0,0,46050120,,0,32,32,,,,0,0,46050120,2,1
any_whs,O_233223-1-1-104,310726_WA002_101_9999E,31,,Not Served,60,0,60,0,0,0,0,46050060,,0,32,32,,,,0,0,46050060,2,1
any_whs,O_233223-1-1-105,310726_WA002_101_9999E,31,,Not Served,60,0,60,0,0,0,0,46050120,,0,32,32,,,,0,0,46050120,2,1
any_whs,O_232948-1-2-104,310726_WA003-WA002_101_9999E,31,,Not Served,20,0,20,0,0,0,0,15350020,,0,32,32,,,,0,0,15350020,2,1
any_whs,O_233296-1-2-104,310726_WA003-WA002_101_9999E,31,,Not Served,80,0,80,0,0,0,0,61400160,,0,32,32,,,,0,0,61400160,2,1
any_whs,O_233118-1-2-102,310726_WA003-WA002_102_9999A,31,,Not Served,60,0,60,0,0,0,0,46050060,,0,32,32,,,,0,0,46050060,2,1
any_whs,O_233153-1-1-101,310726_WA003_101_3025S,31,,Not Served,160,0,160,0,0,0,0,122800160,,0,32,32,,,,0,0,122800160,2,1
any_whs,O_233066-1-1-101,310726_WA003_101_9999E,31,,Not Served,20,0,20,0,0,0,0,15350020,,0,32,32,,,,0,0,15350020,2,1
any_whs,O_233066-1-1-102,310726_WA003_101_9999E,31,,Not Served,20,0,20,0,0,0,0,15350040,,0,32,32,,,,0,0,15350040,2,1
any_whs,O_233236-1-1-104,310726_WA003_102_9999E,31,,Not Served,200,0,200,0,0,0,0,153500200,,0,32,32,,,,0,0,153500200,2,1
any_whs,O_233263-1-1-101,310726_WA003_102_9999E,31,,Not Served,80,0,80,0,0,0,0,61400160,,0,32,32,,,,0,0,61400160,2,1
any_whs,O_233263-1-1-102,310726_WA003_102_9999E,31,,Not Served,80,0,80,0,0,0,0,61400240,,0,32,32,,,,0,0,61400240,2,1
any_whs,O_233265-1-1-102,310726_WA003_102_9999E,31,,Not Served,60,0,60,0,0,0,0,46050240,,0,32,32,,,,0,0,46050240,2,1
any_whs,O_232487-1-2-109,310002_WA001_102_9999A,34,,Not Served,15,0,15,0,0,0,0,11175015,,0,35,35,,,,0,0,11175015,2,1
any_whs,O_232483-1-4-113,310774_WA001_102_9999A,34,,Partially Served,19,10,9,52.63157895,0,0,0,6705009,,0,35,35,,,,0,0,6705009,2,1
any_whs,O_232483-1-4-114,310774_WA001_102_9999A,36,,Not Served,19,0,19,0,0,0,0,13870019,,0,37,37,,,,0,0,13870019,2,1
any_whs,O_233156-1-3-108,310015_WA001_102_9999A,37,,Not Served,15,0,15,0,0,0,0,10837515,,0,38,38,,,,0,0,10837515,2,1
any_whs,O_233322-1-2-104,310002_WA001_102_9999A,40,,Not Served,200,0,200,0,0,0,0,140000200,,0,41,41,,,,0,0,140000200,2,1
any_whs,O_232487-1-2-110,310002_WA001_102_9999A,41,,Not Served,15,0,15,0,0,0,0,10387515,,0,42,42,,,,0,0,10387515,2,1
any_whs,O_233282-1-1-101,310726_WA002-WA003_102_9999E,41,,Not Served,20,0,20,0,0,0,0,13850020,,0,42,42,,,,0,0,13850020,2,1
any_whs,O_233205-1-1-102,310726_WA003-WA002_101_9999E,41,,Not Served,20,0,20,0,0,0,0,13850020,,0,42,42,,,,0,0,13850020,2,1
any_whs,O_232483-1-4-115,310774_WA001_102_9999A,41,,Not Served,19,0,19,0,0,0,0,13157519,,0,42,42,,,,0,0,13157519,2,1
any_whs,O_233382-1-1-111,310726_WA003-WA002_102_9999A,42,,Not Served,20,0,20,0,0,0,0,13700020,,0,43,43,,,,0,0,13700020,2,1
any_whs,O_233382-1-1-112,310726_WA003-WA002_102_9999A,42,,Not Served,20,0,20,0,0,0,0,13700040,,0,43,43,,,,0,0,13700040,2,1
any_whs,O_233382-1-1-113,310726_WA003-WA002_102_9999A,42,,Not Served,20,0,20,0,0,0,0,13700060,,0,43,43,,,,0,0,13700060,2,1
any_whs,O_233382-1-1-114,310726_WA003-WA002_102_9999A,42,,Not Served,20,0,20,0,0,0,0,13700080,,0,43,43,,,,0,0,13700080,2,1
any_whs,O_233382-1-1-115,310726_WA003-WA002_102_9999A,42,,Not Served,20,0,20,0,0,0,0,13700100,,0,43,43,,,,0,0,13700100,2,1
any_whs,O_233382-1-1-116,310726_WA003-WA002_102_9999A,42,,Not Served,20,0,20,0,0,0,0,13700120,,0,43,43,,,,0,0,13700120,2,1
any_whs,O_233382-1-1-117,310726_WA003-WA002_102_9999A,42,,Not Served,20,0,20,0,0,0,0,13700140,,0,43,43,,,,0,0,13700140,2,1
any_whs,O_233382-1-1-118,310726_WA003-WA002_102_9999A,42,,Not Served,20,0,20,0,0,0,0,13700160,,0,43,43,,,,0,0,13700160,2,1
any_whs,O_233382-1-1-119,310726_WA003-WA002_102_9999A,42,,Not Served,20,0,20,0,0,0,0,13700180,,0,43,43,,,,0,0,13700180,2,1
any_whs,O_233382-1-1-120,310726_WA003-WA002_102_9999A,42,,Not Served,20,0,20,0,0,0,0,13700200,,0,43,43,,,,0,0,13700200,2,1
any_whs,O_232152-1-6-104,310002_WA001_102_9999A,47,,Not Served,15,0,15,0,0,0,0,9712515,,0,48,48,,,,0,0,9712515,2,1
any_whs,O_232483-1-4-116,310774_WA001_102_9999A,48,,Not Served,19,0,19,0,0,0,0,12160019,,0,49,49,,,,0,0,12160019,2,1
any_whs,O_233156-1-3-109,310015_WA001_102_9999A,49,,Not Served,15,0,15,0,0,0,0,9487515,,0,50,50,,,,0,0,9487515,2,1
any_whs,O_233156-1-3-110,310015_WA001_102_9999A,49,,Not Served,15,0,15,0,0,0,0,9487530,,0,50,50,,,,0,0,9487530,2,1
any_whs,O_232483-1-4-117,310774_WA001_102_9999A,50,,Not Served,19,0,19,0,0,0,0,11875019,,0,51,51,,,,0,0,11875019,2,1
any_whs,O_232483-1-4-118,310774_WA001_102_9999A,55,,Not Served,19,0,19,0,0,0,0,11162519,,0,56,56,,,,0,0,11162519,2,1
any_whs,O_233322-1-3-105,310002_WA001_102_9999A,56,,Not Served,200,0,200,0,0,0,0,116000200,,0,57,57,,,,0,0,116000200,2,1
any_whs,C_233277-1-3,310726_WA002-WA003_102_9999E,56,,Not Served,80,0,80,0,0,0,0,46400080,,0,57,57,,,,0,0,46400080,2,1
any_whs,C_233279-1-3,310726_WA002-WA003_102_9999E,56,,Not Served,40,0,40,0,0,0,0,23200080,,0,57,57,,,,0,0,23200080,2,1
any_whs,C_232128-1-8,310726_WA003_101_3007DRYGUM,56,,Not Served,380,0,380,0,0,0,0,220400380,,0,57,57,,,,0,0,220400380,2,1
any_whs,C_232130-1-9,310726_WA003_101_3007DRYGUM,56,,Not Served,60,0,60,0,0,0,0,34800120,,0,57,57,,,,0,0,34800120,2,1
any_whs,O_233119-1-3-103,310002_WA001_102_9999A,57,,Not Served,40,0,40,0,0,0,0,22900040,,0,58,58,,,,0,0,22900040,2,1
any_whs,O_233354-1-1-101,310002_WA001_102_9999A,57,,Not Served,160,0,160,0,0,0,0,91600320,,0,58,58,,,,0,0,91600320,2,1
any_whs,O_233245-1-1-103,310015_ID002_102_9999E,57,,Served,20,20,0,100,0,0,0,0,,0,58,58,,,,0,0,0,2,1
any_whs,O_233245-1-1-104,310015_ID002_102_9999E,57,,Served,20,20,0,100,0,0,0,0,,0,58,58,,,,0,0,0,2,1
any_whs,O_233281-1-2-102,310724_WA002-WA003_102_9999E,57,,Not Served,40,0,40,0,0,0,0,22900040,,0,58,58,,,,0,0,22900040,2,1
any_whs,O_233239-1-1-101,310724_WA002_102_9999E,57,,Not Served,200,0,200,0,0,0,0,114500200,,0,58,58,,,,0,0,114500200,2,1
any_whs,O_233239-1-1-102,310724_WA002_102_9999E,57,,Not Served,200,0,200,0,0,0,0,114500400,,0,58,58,,,,0,0,114500400,2,1
any_whs,O_233239-1-1-103,310724_WA002_102_9999E,57,,Not Served,200,0,200,0,0,0,0,114500600,,0,58,58,,,,0,0,114500600,2,1
any_whs,O_233239-1-1-104,310724_WA002_102_9999E,57,,Not Served,40,0,40,0,0,0,0,22900160,,0,58,58,,,,0,0,22900160,2,1
any_whs,O_233223-1-2-106,310726_WA002-WA003_101_9999E,57,,Not Served,80,0,80,0,0,0,0,45800080,,0,58,58,,,,0,0,45800080,2,1
any_whs,O_232665-1-1-102,310726_WA002_101_3035A,57,,Not Served,200,0,200,0,0,0,0,114500200,,0,58,58,,,,0,0,114500200,2,1
any_whs,O_233223-1-2-107,310726_WA002_101_9999E,57,,Not Served,60,0,60,0,0,0,0,34350060,,0,58,58,,,,0,0,34350060,2,1
any_whs,O_233223-1-2-108,310726_WA002_101_9999E,57,,Not Served,60,0,60,0,0,0,0,34350120,,0,58,58,,,,0,0,34350120,2,1
any_whs,O_232163-1-7-1181652,310726_WA003_101_3025S,57,,Not Served,100,0,100,0,0,0,0,57250100,,0,58,58,,,,0,0,57250100,2,1
any_whs,O_233237-1-1-101,310726_WA003_102_9999E,57,,Not Served,200,0,200,0,0,0,0,114500200,,0,58,58,,,,0,0,114500200,2,1
any_whs,O_233242-1-1-101,310726_WA003_102_9999E,57,,Not Served,200,0,200,0,0,0,0,114500400,,0,58,58,,,,0,0,114500400,2,1
any_whs,O_233242-1-1-102,310726_WA003_102_9999E,57,,Not Served,40,0,40,0,0,0,0,22900120,,0,58,58,,,,0,0,22900120,2,1
any_whs,O_233263-1-1-103,310726_WA003_102_9999E,57,,Not Served,80,0,80,0,0,0,0,45800320,,0,58,58,,,,0,0,45800320,2,1
any_whs,O_232483-1-5-119,310774_WA001_102_9999A,64,,Not Served,19,0,19,0,0,0,0,9880019,,0,65,65,,,,0,0,9880019,2,1
any_whs,O_232483-1-5-120,310774_WA001_102_9999A,69,,Not Served,19,0,19,0,0,0,0,9167519,,0,70,70,,,,0,0,9167519,2,1
any_whs,O_233322-1-3-106,310002_WA001_102_9999A,70,,Not Served,200,0,200,0,0,0,0,95000200,,0,71,71,,,,0,0,95000200,2,1
any_whs,O_233354-1-1-102,310002_WA001_101_9999A,71,,Not Served,160,0,160,0,0,0,0,74800160,,0,72,72,,,,0,0,74800160,2,1
any_whs,O_233351-1-1-101,310002_WA001_102_9999A,71,,Not Served,80,0,80,0,0,0,0,37400080,,0,72,72,,,,0,0,37400080,2,1
any_whs,O_233281-1-2-103,310724_WA002-WA003_102_9999E,71,,Not Served,40,0,40,0,0,0,0,18700040,,0,72,72,,,,0,0,18700040,2,1
any_whs,O_233223-1-2-109,310726_WA002_101_9999E,71,,Not Served,60,0,60,0,0,0,0,28050060,,0,72,72,,,,0,0,28050060,2,1
any_whs,O_233237-1-1-103,310726_WA003_102_9999E,71,,Not Served,200,0,200,0,0,0,0,93500200,,0,72,72,,,,0,0,93500200,2,1
any_whs,O_233237-1-1-104,310726_WA003_102_9999E,71,,Not Served,120,0,120,0,0,0,0,56100240,,0,72,72,,,,0,0,56100240,2,1
any_whs,O_233237-1-1-105,310726_WA003_102_9999E,71,,Not Served,200,0,200,0,0,0,0,93500600,,0,72,72,,,,0,0,93500600,2,1
any_whs,O_233264-1-1-101,310726_WA003_102_9999E,71,,Not Served,80,0,80,0,0,0,0,37400320,,0,72,72,,,,0,0,37400320,2,1
any_whs,O_233264-1-1-102,310726_WA003_102_9999E,71,,Not Served,80,0,80,0,0,0,0,37400400,,0,72,72,,,,0,0,37400400,2,1
any_whs,O_233265-1-2-103,310726_WA003_102_9999E,71,,Not Served,40,0,40,0,0,0,0,18700240,,0,72,72,,,,0,0,18700240,2,1
any_whs,O_233383-1-1-111,310726_WA003-WA002_102_9999A,72,,Not Served,20,0,20,0,0,0,0,9200020,,0,73,73,,,,0,0,9200020,2,1
any_whs,O_233383-1-1-112,310726_WA003-WA002_102_9999A,72,,Not Served,20,0,20,0,0,0,0,9200040,,0,73,73,,,,0,0,9200040,2,1
any_whs,O_233383-1-1-113,310726_WA003-WA002_102_9999A,72,,Not Served,20,0,20,0,0,0,0,9200060,,0,73,73,,,,0,0,9200060,2,1
any_whs,O_233383-1-1-114,310726_WA003-WA002_102_9999A,72,,Not Served,20,0,20,0,0,0,0,9200080,,0,73,73,,,,0,0,9200080,2,1
any_whs,O_233383-1-1-115,310726_WA003-WA002_102_9999A,72,,Not Served,20,0,20,0,0,0,0,9200100,,0,73,73,,,,0,0,9200100,2,1
any_whs,O_233383-1-1-116,310726_WA003-WA002_102_9999A,72,,Not Served,20,0,20,0,0,0,0,9200120,,0,73,73,,,,0,0,9200120,2,1
any_whs,O_233383-1-1-117,310726_WA003-WA002_102_9999A,72,,Not Served,20,0,20,0,0,0,0,9200140,,0,73,73,,,,0,0,9200140,2,1
any_whs,O_233383-1-1-118,310726_WA003-WA002_102_9999A,72,,Not Served,20,0,20,0,0,0,0,9200160,,0,73,73,,,,0,0,9200160,2,1
any_whs,O_233383-1-1-119,310726_WA003-WA002_102_9999A,72,,Not Served,20,0,20,0,0,0,0,9200180,,0,73,73,,,,0,0,9200180,2,1
any_whs,O_233383-1-1-120,310726_WA003-WA002_102_9999A,72,,Not Served,20,0,20,0,0,0,0,9200200,,0,73,73,,,,0,0,9200200,2,1
any_whs,O_232483-1-5-121,310774_WA001_102_9999A,76,,Not Served,19,0,19,0,0,0,0,8170019,,0,77,77,,,,0,0,8170019,2,1
any_whs,O_232483-1-5-122,310774_WA001_102_9999A,78,,Not Served,19,0,19,0,0,0,0,7885019,,0,79,79,,,,0,0,7885019,2,1
any_whs,O_232483-1-5-123,310774_WA001_102_9999A,83,,Not Served,19,0,19,0,0,0,0,7172519,,0,84,84,,,,0,0,7172519,2,1
any_whs,C_232666-1-1,310726_WA002_101_3035A,87,,Not Served,200,0,200,0,0,0,0,69500200,,0,88,88,,,,0,0,69500200,2,1
any_whs,C_232128-1-9,310726_WA003_101_3007DRYGUM,87,,Not Served,200,0,200,0,0,0,0,69500200,,0,88,88,,,,0,0,69500200,2,1
any_whs,C_232130-1-10,310726_WA003_101_3007DRYGUM,87,,Not Served,100,0,100,0,0,0,0,34750200,,0,88,88,,,,0,0,34750200,2,1
any_whs,O_233281-1-3-104,310724_WA002-WA003_102_9999E,88,,Not Served,40,0,40,0,0,0,0,13600040,,0,89,89,,,,0,0,13600040,2,1
any_whs,O_233240-1-1-101,310724_WA002_102_9999E,88,,Not Served,200,0,200,0,0,0,0,68000200,,0,89,89,,,,0,0,68000200,2,1
any_whs,O_233240-1-1-102,310724_WA002_102_9999E,88,,Not Served,200,0,200,0,0,0,0,68000400,,0,89,89,,,,0,0,68000400,2,1
any_whs,O_233240-1-1-103,310724_WA002_102_9999E,88,,Not Served,200,0,200,0,0,0,0,68000600,,0,89,89,,,,0,0,68000600,2,1
any_whs,O_233240-1-1-104,310724_WA002_102_9999E,88,,Not Served,40,0,40,0,0,0,0,13600160,,0,89,89,,,,0,0,13600160,2,1
any_whs,O_232163-1-8-1181665,310726_WA003_101_3025S,88,,Not Served,100,0,100,0,0,0,0,34000100,,0,89,89,,,,0,0,34000100,2,1
any_whs,O_233237-1-1-102,310726_WA003_102_9999E,88,,Not Served,200,0,200,0,0,0,0,68000200,,0,89,89,,,,0,0,68000200,2,1
any_whs,O_233243-1-1-101,310726_WA003_102_9999E,88,,Not Served,200,0,200,0,0,0,0,68000400,,0,89,89,,,,0,0,68000400,2,1
any_whs,O_233243-1-1-102,310726_WA003_102_9999E,88,,Not Served,40,0,40,0,0,0,0,13600120,,0,89,89,,,,0,0,13600120,2,1
any_whs,O_233264-1-1-103,310726_WA003_102_9999E,88,,Not Served,80,0,80,0,0,0,0,27200320,,0,89,89,,,,0,0,27200320,2,1
any_whs,O_232483-1-6-124,310774_WA001_102_9999A,90,,Not Served,19,0,19,0,0,0,0,6175019,,0,91,91,,,,0,0,6175019,2,1
any_whs,O_232483-1-6-125,310774_WA001_102_9999A,91,,Not Served,19,0,19,0,0,0,0,6032519,,0,92,92,,,,0,0,6032519,2,1
any_whs,O_233281-1-3-105,310724_WA002-WA003_102_9999E,102,,Not Served,40,0,40,0,0,0,0,9400040,,0,103,103,,,,0,0,9400040,2,1
any_whs,C_232667-1-1,310726_WA002_101_3035A,118,,Not Served,200,0,200,0,0,0,0,23000200,,0,119,119,,,,0,0,23000200,2,1
any_whs,C_232130-1-11,310726_WA003_101_3007DRYGUM,118,,Not Served,80,0,80,0,0,0,0,9200079.999,,0,119,119,,,,0,0,9200079.999,2,1
any_whs,O_232163-1-9-1181666,310726_WA003_101_3025S,119,,Not Served,100,0,100,0,0,0,0,10750099.99,,0,120,120,,,,0,0,10750099.99,2,1
