Order_Num,Demand Type,Ship Date,Item,Approved Plant 1,Approved Plant 2,Approved Plant 3,Grade,Spec,Shipping Warehouse Code,Sum of Ordered Pallets,Order Date
10009951,Order,2024-10-16 00:00:00,310015,"","","",102,9999A,WA001,0.03991653814750975,2024-10-14 00:00:00
10016191,Order,2025-06-13 00:00:00,310724,ID002,"","",102,9999A,TX001,1.0000907194048807,2025-05-26 00:00:00
231741-1-5-109,Order,2025-06-19 00:00:00,310015,WA001,"","",102,9999A,WA001,14.999909280595118,2025-06-10 00:00:00
232128-1-7,Contract,2025-06-01 00:00:00,310726,WA003,"","",101,3007DRYGUM,WA007,0.7400067132359611,
232128-1-7-129,Order,2025-06-25 00:00:00,310726,WA003,"","",101,3007DRYGUM,WA007,100,2025-04-29 00:00:00
232128-1-7-130,Order,2025-06-25 00:00:00,310726,WA003,"","",101,3007DRYGUM,WA007,100,2025-04-29 00:00:00
232128-1-7-131,Order,2025-06-25 00:00:00,310726,WA003,"","",101,3007DRYGUM,WA007,80,2025-04-30 00:00:00
232128-1-8-132,Order,2025-07-15 00:00:00,310726,WA003,"","",101,3007DRYGUM,WA007,100,2025-05-29 00:00:00
232128-1-8-133,Order,2025-07-15 00:00:00,310726,WA003,"","",101,3007DRYGUM,WA007,80,2025-05-29 00:00:00
232128-1-8-134,Order,2025-07-15 00:00:00,310726,WA003,"","",101,3007DRYGUM,WA007,80,2025-05-29 00:00:00
232128-1-8-135,Order,2025-07-15 00:00:00,310726,WA003,"","",101,3007DRYGUM,WA007,80,2025-05-29 00:00:00
232128-1-8-136,Order,2025-07-15 00:00:00,310726,WA003,"","",101,3007DRYGUM,WA007,80,2025-05-29 00:00:00
232128-1-8-137,Order,2025-07-15 00:00:00,310726,WA003,"","",101,3007DRYGUM,WA007,80,2025-05-29 00:00:00
232128-1-8-138,Order,2025-07-15 00:00:00,310726,WA003,"","",101,3007DRYGUM,WA007,80,2025-05-30 00:00:00
232130-1-10,Contract,2025-08-01 00:00:00,310726,WA003,"","",101,3007DRYGUM,WA007,100.00090719404879,
232130-1-11,Contract,2025-09-01 00:00:00,310726,WA003,"","",101,3007DRYGUM,WA007,60.00054431642927,
232130-1-12,Contract,2025-10-01 00:00:00,310726,WA003,"","",101,3007DRYGUM,WA007,80.00072575523903,
232130-1-8-121,Order,2025-06-25 00:00:00,310726,WA003,"","",101,3007DRYGUM,WA007,40,2025-04-29 00:00:00
232130-1-8-122,Order,2025-06-25 00:00:00,310726,WA003,"","",101,3007DRYGUM,WA007,20,2025-04-29 00:00:00
232130-1-9-123,Order,2025-07-15 00:00:00,310726,WA003,"","",101,3007DRYGUM,WA007,20,2025-05-27 00:00:00
232130-1-9-124,Order,2025-07-15 00:00:00,310726,WA003,"","",101,3007DRYGUM,WA007,20,2025-05-27 00:00:00
232130-1-9-125,Order,2025-07-15 00:00:00,310726,WA003,"","",101,3007DRYGUM,WA007,20,2025-05-27 00:00:00
232146-1-6-126,Order,2025-06-25 00:00:00,310015,ID002,"","",102,9999A,ID010,14.999909280595118,2025-05-30 00:00:00
232146-1-6-127,Order,2025-06-25 00:00:00,310015,ID002,"","",102,9999A,ID010,14.999909280595118,2025-05-30 00:00:00
232146-1-6-128,Order,2025-06-25 00:00:00,310015,ID002,"","",102,9999A,ID010,14.999909280595118,2025-05-30 00:00:00
232146-1-6-129,Order,2025-06-25 00:00:00,310015,ID002,"","",102,9999A,ID010,14.999909280595118,2025-05-30 00:00:00
232146-1-6-130,Order,2025-06-25 00:00:00,310015,ID002,"","",102,9999A,ID010,14.999909280595118,2025-05-30 00:00:00
232152-1-6-104,Order,2025-06-18 00:00:00,310002,WA001,"","",102,9999A,WA001,14.999909280595118,2025-02-07 00:00:00
232152-1-7-107,Order,2025-07-27 00:00:00,310002,WA001,"","",102,9999A,WA001,14.999909280595118,2025-05-21 00:00:00
232152-1-8-108,Order,2025-08-24 00:00:00,310002,WA001,"","",102,9999A,WA001,14.999909280595118,2025-05-21 00:00:00
232152-1-9-109,Order,2025-09-21 00:00:00,310002,WA001,"","",102,9999A,WA001,14.999909280595118,2025-05-21 00:00:00
232163-1-10-1181661,Order,2025-12-02 00:00:00,310726,WA003,"","",101,3025S,WA007,100,2024-11-21 00:00:00
232163-1-11-1181647,Order,2026-01-02 00:00:00,310726,WA003,"","",101,3025S,WA007,100,2024-11-21 00:00:00
232163-1-12-1181648,Order,2026-02-02 00:00:00,310726,WA003,"","",101,3025S,WA007,100,2024-11-21 00:00:00
232163-1-2-1181649,Order,2025-02-02 00:00:00,310726,WA003,"","",101,3025S,WA007,0.5000453597024404,2024-11-21 00:00:00
232163-1-6-1181664,Order,2025-07-02 00:00:00,310726,WA003,"","",101,3025S,WA007,100,2024-11-21 00:00:00
232163-1-7-1181652,Order,2025-06-24 00:00:00,310726,WA003,"","",101,3025S,WA007,100,2024-11-21 00:00:00
232163-1-8-1181665,Order,2025-07-12 00:00:00,310726,WA003,"","",101,3025S,WA007,100,2024-11-21 00:00:00
232163-1-9-1181666,Order,2025-11-02 00:00:00,310726,WA003,"","",101,3025S,WA007,100,2024-11-21 00:00:00
232381-1-2,Contract,2025-05-01 00:00:00,310726,WA003,WA002,"",102,9999A,WA007,0.6200056246031025,
232381-1-3,Contract,2025-06-01 00:00:00,310726,WA003,WA002,"",102,9999A,WA007,0.4000036287761952,
232404-1-1-1181926,Order,2025-02-16 00:00:00,310724,WA002,"","",102,9999E,WA007,0.019958269073754874,2024-12-03 00:00:00
232483-1-4-116,Order,2025-06-23 00:00:00,310774,WA001,"","",102,9999A,WA001,19,2025-02-04 00:00:00
232483-1-4-117,Order,2025-06-25 00:00:00,310774,WA001,"","",102,9999A,WA001,19,2025-02-04 00:00:00
232483-1-4-118,Order,2025-06-30 00:00:00,310774,WA001,"","",102,9999A,WA001,19,2025-02-04 00:00:00
232483-1-5-119,Order,2025-07-09 00:00:00,310774,WA001,"","",102,9999A,WA001,19,2025-02-04 00:00:00
232483-1-5-120,Order,2025-07-14 00:00:00,310774,WA001,"","",102,9999A,WA001,19,2025-02-04 00:00:00
232483-1-5-121,Order,2025-07-21 00:00:00,310774,WA001,"","",102,9999A,WA001,19,2025-02-04 00:00:00
232483-1-5-122,Order,2025-07-23 00:00:00,310774,WA001,"","",102,9999A,WA001,19,2025-02-04 00:00:00
232483-1-5-123,Order,2025-07-28 00:00:00,310774,WA001,"","",102,9999A,WA001,19,2025-02-04 00:00:00
232483-1-6-124,Order,2025-08-04 00:00:00,310774,WA001,"","",102,9999A,WA001,19,2025-02-04 00:00:00
232483-1-6-125,Order,2025-08-05 00:00:00,310774,WA001,"","",102,9999A,WA001,19,2025-02-04 00:00:00
232487-1-3-111,Order,2025-07-07 00:00:00,310002,WA001,"","",102,9999A,WA001,14.999909280595118,2025-06-02 00:00:00
232513-1-3-115,Order,2025-08-10 00:00:00,310768,ID002,"","",101,3200A,ID002,20,2025-06-09 00:00:00
232513-1-9-116,Order,2025-08-10 00:00:00,310768,ID002,"","",101,3200A,ID002,20,2025-06-09 00:00:00
232664-1-1-101,Order,2025-06-21 00:00:00,310726,WA002,"","",101,3035A,WA007,0.0798330762950195,2025-03-18 00:00:00
232665-1-1-102,Order,2025-06-30 00:00:00,310726,WA002,"","",101,3035A,WA007,200,2025-04-24 00:00:00
232666-1-1-101,Order,2025-08-02 00:00:00,310726,WA002,"","",101,3035A,WA007,200,2025-05-13 00:00:00
232667-1-1,Contract,2025-09-01 00:00:00,310726,WA003,"","",101,3025S,WA007,200.00181438809759,
232668-1-1,Contract,2025-10-01 00:00:00,310726,WA002,"","",101,3035A,WA007,200.00181438809759,
232669-1-1,Contract,2025-11-01 00:00:00,310726,WA002,"","",101,3035A,WA007,200.00181438809759,
232670-1-1,Contract,2025-12-01 00:00:00,310726,WA002,"","",101,3035A,WA007,200.00181438809759,
232671-1-1,Contract,2026-01-01 00:00:00,310726,WA002,"","",101,3035A,WA007,200.00181438809759,
232672-1-1,Contract,2026-02-01 00:00:00,310726,WA002,"","",101,3035A,WA007,200.00181438809759,
232673-1-1,Contract,2026-03-01 00:00:00,310726,WA002,"","",101,3035A,WA007,200.00181438809759,
232674-1-1,Contract,2026-04-01 00:00:00,310726,WA002,"","",101,3035A,WA007,200.00181438809759,
232701-1-6-123,Order,2025-05-28 00:00:00,310015,ID002,"","",102,9999A,ID010,14.999909280595118,2025-04-25 00:00:00
232701-1-6-124,Order,2025-05-28 00:00:00,310015,ID002,"","",102,9999A,ID010,14.999909280595118,2025-04-25 00:00:00
232701-1-7-125,Order,2025-06-19 00:00:00,310015,ID002,"","",102,9999A,ID010,14.999909280595118,2025-05-16 00:00:00
232701-1-7-126,Order,2025-07-09 00:00:00,310015,ID002,"","",102,9999A,ID010,14.999909280595118,2025-05-16 00:00:00
232701-1-7-127,Order,2025-07-08 00:00:00,310015,ID002,"","",102,9999A,ID010,14.999909280595118,2025-05-16 00:00:00
232701-1-7-128,Order,2025-07-15 00:00:00,310015,ID002,"","",102,9999A,ID010,14.999909280595118,2025-05-16 00:00:00
232743-1-6-112,Order,2025-06-17 00:00:00,310015,WA001,"","",102,9999A,WA001,14.999909280595118,2025-05-23 00:00:00
232743-1-7-113,Order,2025-06-24 00:00:00,310015,WA001,"","",102,9999A,WA001,14.999909280595118,2025-06-04 00:00:00
232749-1-1-101,Order,2025-02-16 00:00:00,310015,WA002,"","",101,3123A,WA017,0.16002903020956183,2025-01-22 00:00:00
232807-1-2-164,Order,2025-05-30 00:00:00,310015,ID002,WA001,"",102,9999A,MEX002,20,2025-04-28 00:00:00
232807-1-3-165,Order,2025-07-01 00:00:00,310015,ID002,WA001,"",102,9999A,MEX002,20,2025-06-05 00:00:00
232807-1-3-166,Order,2025-07-01 00:00:00,310015,ID002,WA001,"",102,9999A,MEX002,20,2025-06-05 00:00:00
232807-1-3-167,Order,2025-07-01 00:00:00,310015,ID002,WA001,"",102,9999A,MEX002,20,2025-06-05 00:00:00
232807-1-3-168,Order,2025-07-01 00:00:00,310015,ID002,WA001,"",102,9999A,MEX002,20,2025-06-05 00:00:00
232807-1-3-169,Order,2025-07-01 00:00:00,310015,ID002,WA001,"",102,9999A,MEX002,20,2025-06-05 00:00:00
232807-1-3-170,Order,2025-07-01 00:00:00,310015,ID002,WA001,"",102,9999A,MEX002,20,2025-06-05 00:00:00
232807-1-3-171,Order,2025-07-01 00:00:00,310015,ID002,WA001,"",102,9999A,MEX002,20,2025-06-05 00:00:00
232807-1-3-172,Order,2025-07-01 00:00:00,310015,ID002,WA001,"",102,9999A,MEX002,20,2025-06-05 00:00:00
232807-1-3-173,Order,2025-07-01 00:00:00,310015,ID002,WA001,"",102,9999A,MEX002,20,2025-06-05 00:00:00
232807-1-3-174,Order,2025-07-01 00:00:00,310015,ID002,WA001,"",102,9999A,MEX002,20,2025-06-05 00:00:00
232807-1-3-175,Order,2025-07-01 00:00:00,310015,ID002,WA001,"",102,9999A,MEX002,20,2025-06-05 00:00:00
232807-1-3-176,Order,2025-07-01 00:00:00,310015,ID002,WA001,"",102,9999A,MEX002,20,2025-06-05 00:00:00
232807-1-3-177,Order,2025-07-01 00:00:00,310015,ID002,WA001,"",102,9999A,MEX002,20,2025-06-05 00:00:00
232807-1-3-178,Order,2025-07-01 00:00:00,310015,ID002,WA001,"",102,9999A,MEX002,20,2025-06-05 00:00:00
232807-1-3-179,Order,2025-07-01 00:00:00,310015,ID002,WA001,"",102,9999A,MEX002,20,2025-06-05 00:00:00
232807-1-3-180,Order,2025-07-01 00:00:00,310015,ID002,WA001,"",102,9999A,MEX002,20,2025-06-05 00:00:00
232807-1-3-181,Order,2025-07-01 00:00:00,310015,ID002,WA001,"",102,9999A,MEX002,20,2025-06-05 00:00:00
232807-1-3-182,Order,2025-07-01 00:00:00,310015,ID002,WA001,"",102,9999A,MEX002,20,2025-06-05 00:00:00
232807-1-3-183,Order,2025-07-01 00:00:00,310015,ID002,WA001,"",102,9999A,MEX002,20,2025-06-05 00:00:00
232807-1-3-184,Order,2025-07-01 00:00:00,310015,ID002,WA001,"",102,9999A,MEX002,20,2025-06-05 00:00:00
232807-1-3-185,Order,2025-07-01 00:00:00,310015,ID002,WA001,"",102,9999A,MEX002,20,2025-06-05 00:00:00
232807-1-3-186,Order,2025-07-01 00:00:00,310015,ID002,WA001,"",102,9999A,MEX002,20,2025-06-05 00:00:00
232807-1-3-187,Order,2025-07-01 00:00:00,310015,ID002,WA001,"",102,9999A,MEX002,20,2025-06-05 00:00:00
232807-1-3-188,Order,2025-07-01 00:00:00,310015,ID002,WA001,"",102,9999A,MEX002,20,2025-06-05 00:00:00
232811-1-2-102,Order,2025-06-28 00:00:00,310002,WA001,"","",102,9999A,TX001,20,2025-05-22 00:00:00
232826-1-1,Contract,2025-07-01 00:00:00,310726,WA002,WA003,"",102,9999A,WA007,20.000181438809758,
232847-1-1,Contract,2025-03-01 00:00:00,310726,WA002,"","",102,9999E,WA007,0.30000272158214636,
232869-1-5-123,Order,2025-06-16 00:00:00,310086,ID002,"","",101,3140A,ID010,19,2025-06-02 00:00:00
232869-1-5-124,Order,2025-06-17 00:00:00,310086,ID002,"","",101,3140A,ID010,19,2025-06-02 00:00:00
232869-1-5-125,Order,2025-06-17 00:00:00,310086,ID002,"","",101,3140A,ID010,19,2025-06-02 00:00:00
232869-1-5-126,Order,2025-06-23 00:00:00,310086,ID002,"","",101,3140A,ID010,19,2025-06-02 00:00:00
232869-1-6-127,Order,2025-07-20 00:00:00,310086,ID002,"","",101,3140A,ID010,19,2025-06-02 00:00:00
232869-1-6-128,Order,2025-06-28 00:00:00,310086,ID002,"","",101,3140A,ID010,19,2025-06-02 00:00:00
232869-1-6-129,Order,2025-06-28 00:00:00,310086,ID002,"","",101,3140A,ID010,19,2025-06-02 00:00:00
232869-1-6-130,Order,2025-07-28 00:00:00,310086,ID002,"","",101,3140A,ID002,19,2025-06-02 00:00:00
232893-1-1-101,Order,2025-06-01 00:00:00,310724,WA002,"","",102,9999A,WA002,14.999909280595118,2025-02-10 00:00:00
232948-1-1,Contract,2025-05-01 00:00:00,310726,WA003,WA002,"",101,9999E,WA007,1.1000099791345366,
232948-1-2-103,Order,2025-06-09 00:00:00,310726,WA002,WA002,"",101,9999E,WA007,20,2025-03-17 00:00:00
232948-1-2-104,Order,2025-06-16 00:00:00,310726,WA002,WA003,"",101,9999E,WA007,20,2025-03-17 00:00:00
233018-1-1-101,Order,2025-06-25 00:00:00,310015,WA001,"","",102,9999E,WA001,1.0000907194048807,2025-06-04 00:00:00
233018-1-1-101,Order,2025-06-25 00:00:00,310018,WA001,"","",102,9999A,WA001,13.999818561190239,2025-06-04 00:00:00
233032-1-1,Contract,2025-05-01 00:00:00,310726,WA003,"","",101,3025S,WA007,0.44000399165381476,
233064-1-1,Contract,2025-04-01 00:00:00,310726,WA002,"","",102,9999E,WA007,0.06000054431642928,
233064-1-2,Contract,2025-05-01 00:00:00,310726,WA002,"","",102,9999E,WA007,0.1000009071940488,
233066-1-1-102,Order,2025-06-26 00:00:00,310726,WA003,"","",101,9999E,WA007,20,2025-05-06 00:00:00
233077-1-1,Contract,2025-04-01 00:00:00,310726,WA003,"","",102,9999E,WA007,1.5400139707883513,
233089-1-3-114,Order,2025-06-28 00:00:00,310015,ID002,"","",102,9999A,TX001,21.00009071940488,2025-05-19 00:00:00
233089-1-3-115,Order,2025-06-28 00:00:00,310015,ID002,"","",102,9999A,TX001,21.00009071940488,2025-05-19 00:00:00
233089-1-3-116,Order,2025-06-28 00:00:00,310015,ID002,"","",102,9999A,TX001,21.00009071940488,2025-05-19 00:00:00
233089-1-3-117,Order,2025-06-28 00:00:00,310015,ID002,"","",102,9999A,TX001,21.00009071940488,2025-05-19 00:00:00
233107-1-1-101,Order,2025-06-01 00:00:00,310724,WA002,WA003,"",101,9999E,WA007,0.09979134536877438,2025-03-31 00:00:00
233115-1-1,Contract,2025-04-01 00:00:00,310726,WA003,"","",102,9999E,WA007,0.500004535970244,
233118-1-1,Contract,2025-05-01 00:00:00,310726,WA003,WA002,"",102,9999A,WA007,0.7000063503583415,
233118-1-2-102,Order,2025-06-16 00:00:00,310726,WA003,WA002,"",102,9999A,WA007,3.000272158214642,2025-03-17 00:00:00
233119-1-2-102,Order,2025-06-12 00:00:00,310002,WA001,"","",102,9999A,WA001,20,2025-04-07 00:00:00
233119-1-3-103,Order,2025-06-28 00:00:00,310002,WA001,"","",102,9999A,WA001,40,2025-04-07 00:00:00
233153-1-1-101,Order,2025-06-22 00:00:00,310726,WA003,"","",101,3025S,WA007,160,2025-04-29 00:00:00
233156-1-3-110,Order,2025-06-23 00:00:00,310015,WA001,"","",102,9999A,WA001,14.999909280595118,2025-05-01 00:00:00
233170-1-1,Contract,2025-05-01 00:00:00,310726,WA003,WA002,"",101,9999E,WA007,0.32000290302095613,
233173-1-2-102,Order,2025-07-14 00:00:00,310015,ID002,WA001,"",102,9999A,ID010,8,2025-06-11 00:00:00
233175-1-1-103,Order,2025-06-18 00:00:00,310018,WA001,"","",102,9999A,WA001,14.999909280595118,2025-05-22 00:00:00
233176-1-1-101,Order,2025-06-25 00:00:00,310015,ID002,WA001,"",102,9999A,ID002,14.999909280595118,2025-06-05 00:00:00
233183-1-1,Contract,2025-05-01 00:00:00,310726,"","","",101,9999E,WA007,0.18000163294928784,
233214-1-2-103,Order,2025-06-27 00:00:00,310015,ID002,"","",102,9999A,ID002,14.999909280595118,2025-06-03 00:00:00
233220-1-1-101,Order,2025-07-22 00:00:00,310002,WA001,"","",102,9999E,WA001,14.999909280595118,2025-06-02 00:00:00
233223-1-1-101,Order,2025-06-13 00:00:00,310726,WA002,WA003,"",101,9999E,WA007,20.03991653814751,2025-04-16 00:00:00
233223-1-1-102,Order,2025-07-07 00:00:00,310726,WA002,WA003,"",101,9999E,WA007,60,2025-04-16 00:00:00
233223-1-1-104,Order,2025-06-26 00:00:00,310726,WA002,"","",101,9999E,WA007,60,2025-04-16 00:00:00
233223-1-1-105,Order,2025-06-26 00:00:00,310726,WA002,"","",101,9999E,WA007,60,2025-04-16 00:00:00
233223-1-2-106,Order,2025-06-28 00:00:00,310726,WA002,WA003,"",101,9999E,WA007,80,2025-04-16 00:00:00
233223-1-2-107,Order,2025-06-24 00:00:00,310726,WA002,"","",101,9999E,WA007,60,2025-04-16 00:00:00
233223-1-2-108,Order,2025-06-24 00:00:00,310726,WA002,"","",101,9999E,WA007,60,2025-04-16 00:00:00
233223-1-2-109,Order,2025-05-24 00:00:00,310726,WA002,"","",101,9999E,WA007,60,2025-04-16 00:00:00
233229-1-1-101,Order,2025-06-26 00:00:00,310724,WA002,"","",101,3041A,WA007,20,2025-04-11 00:00:00
233232-1-1-102,Order,2025-06-18 00:00:00,310724,WA002,"","",102,9999E,WA007,0.11974961444252924,2025-04-10 00:00:00
233232-1-1-104,Order,2025-06-18 00:00:00,310724,WA002,"","",102,9999E,WA007,0.0798330762950195,2025-04-10 00:00:00
233232-1-1-105,Order,2025-06-18 00:00:00,310724,WA002,"","",102,9999E,WA007,0.41984940578789803,2025-04-10 00:00:00
233235-1-1,Contract,2025-06-01 00:00:00,310726,WA003,"","",102,9999E,WA007,0.5600050802866733,
233235-1-1-104,Order,2025-06-28 00:00:00,310726,WA003,"","",102,9999E,WA007,200,2025-04-28 00:00:00
233235-1-1-105,Order,2025-06-23 00:00:00,310726,WA003,"","",102,9999E,WA007,200,2025-05-01 00:00:00
233236-1-1,Contract,2025-06-01 00:00:00,310726,WA003,"","",102,9999E,WA007,0.18000163294928784,
233236-1-1-101,Order,2025-06-25 00:00:00,310726,WA003,"","",102,9999E,WA007,200,2025-04-14 00:00:00
233236-1-1-102,Order,2025-07-08 00:00:00,310726,WA003,"","",102,9999E,WA007,200,2025-04-14 00:00:00
233236-1-1-104,Order,2025-06-25 00:00:00,310726,WA003,"","",102,9999E,WA007,200,2025-04-28 00:00:00
233237-1-1-101,Order,2025-07-02 00:00:00,310726,WA003,"","",102,9999E,WA007,200,2025-04-14 00:00:00
233237-1-1-102,Order,2025-08-02 00:00:00,310726,WA003,"","",102,9999E,WA007,200,2025-04-14 00:00:00
233237-1-1-103,Order,2025-07-09 00:00:00,310726,WA003,"","",102,9999E,WA007,200,2025-04-28 00:00:00
233237-1-1-104,Order,2025-07-16 00:00:00,310726,WA003,"","",102,9999E,WA007,120,2025-04-28 00:00:00
233237-1-1-105,Order,2025-07-16 00:00:00,310726,WA003,"","",102,9999E,WA007,200,2025-04-28 00:00:00
233238-1-1-105,Order,2025-08-01 00:00:00,310724,WA002,"","",102,9999E,WA007,80,2025-06-11 00:00:00
233239-1-1-101,Order,2025-06-24 00:00:00,310724,WA002,"","",102,9999E,WA007,200,2025-04-14 00:00:00
233239-1-1-102,Order,2025-06-24 00:00:00,310724,WA002,"","",102,9999E,WA007,200,2025-04-14 00:00:00
233239-1-1-103,Order,2025-06-24 00:00:00,310724,WA002,"","",102,9999E,WA007,200,2025-04-14 00:00:00
233239-1-1-104,Order,2025-06-24 00:00:00,310724,WA002,"","",102,9999E,WA007,40,2025-04-14 00:00:00
233240-1-1-101,Order,2025-08-02 00:00:00,310724,WA002,"","",102,9999E,WA007,200,2025-04-14 00:00:00
233240-1-1-102,Order,2025-08-02 00:00:00,310724,WA002,"","",102,9999E,WA007,200,2025-04-14 00:00:00
233240-1-1-103,Order,2025-08-02 00:00:00,310724,WA002,"","",102,9999E,WA007,200,2025-04-14 00:00:00
233240-1-1-104,Order,2025-08-02 00:00:00,310724,WA002,"","",102,9999E,WA007,40,2025-04-14 00:00:00
233241-1-1,Contract,2025-06-01 00:00:00,310726,WA003,"","",102,9999E,WA007,1.5400139707883513,
233241-1-1-102,Order,2025-06-25 00:00:00,310726,WA003,"","",102,9999E,WA007,120,2025-04-14 00:00:00
233241-1-1-106,Order,2025-07-02 00:00:00,310726,WA003,"","",102,9999E,WA007,200,2025-06-04 00:00:00
233241-1-1-107,Order,2025-06-27 00:00:00,310726,WA003,"","",102,9999E,WA007,200,2025-06-04 00:00:00
233241-1-1-108,Order,2025-07-02 00:00:00,310726,WA003,"","",102,9999E,WA007,120,2025-06-04 00:00:00
233242-1-1-101,Order,2025-07-09 00:00:00,310726,WA003,"","",102,9999E,WA007,200,2025-04-14 00:00:00
233242-1-1-102,Order,2025-07-02 00:00:00,310726,WA003,"","",102,9999E,WA007,40,2025-04-14 00:00:00
233243-1-1-101,Order,2025-08-02 00:00:00,310726,WA003,"","",102,9999E,WA007,200,2025-04-15 00:00:00
233243-1-1-102,Order,2025-08-02 00:00:00,310726,WA003,"","",102,9999E,WA007,40,2025-04-15 00:00:00
233244-1-1,Contract,2025-06-01 00:00:00,310726,WA003,"","",102,9999E,WA007,0.6000054431642927,
233245-1-1-101,Order,2025-06-24 00:00:00,310015,ID002,"","",102,9999E,WA007,20,2025-04-22 00:00:00
233245-1-1-102,Order,2025-07-01 00:00:00,310015,ID002,"","",102,9999E,WA007,20,2025-04-22 00:00:00
233245-1-1-103,Order,2025-07-09 00:00:00,310015,ID002,"","",102,9999E,WA007,20,2025-04-22 00:00:00
233245-1-1-104,Order,2025-07-08 00:00:00,310015,ID002,"","",102,9999E,WA007,20,2025-04-22 00:00:00
233245-1-1-105,Order,2025-07-02 00:00:00,310015,ID002,"","",102,9999E,WA007,20,2025-05-15 00:00:00
233258-1-1,Contract,2025-06-01 00:00:00,310726,WA003,"","",101,3025S,WA007,0.30000272158214636,
233258-1-1-102,Order,2025-06-24 00:00:00,310726,WA003,"","",101,3025S,WA007,80,2025-05-07 00:00:00
233258-1-1-103,Order,2025-06-17 00:00:00,310726,WA003,"","",101,3025S,WA007,20.120112492062052,2025-05-07 00:00:00
233259-1-1-101,Order,2025-05-25 00:00:00,310726,WA003,WA002,"",102,9999A,WA007,0.03991653814750975,2025-04-08 00:00:00
233262-1-1,Contract,2025-06-01 00:00:00,310726,WA003,"","",102,9999E,WA007,1.320011974961444,
233263-1-1-102,Order,2025-06-18 00:00:00,310726,WA003,"","",102,9999E,WA007,0.6197949741449696,2025-04-22 00:00:00
233263-1-1-103,Order,2025-06-26 00:00:00,310726,WA003,"","",102,9999E,WA007,80,2025-04-22 00:00:00
233264-1-1-101,Order,2025-07-11 00:00:00,310726,WA003,"","",102,9999E,WA007,80,2025-04-22 00:00:00
233264-1-1-102,Order,2025-07-11 00:00:00,310726,WA003,"","",102,9999E,WA007,80,2025-04-22 00:00:00
233264-1-1-103,Order,2025-08-02 00:00:00,310726,WA003,"","",102,9999E,WA007,80,2025-04-22 00:00:00
233265-1-1-101,Order,2025-06-30 00:00:00,310726,WA003,"","",102,9999E,WA007,60,2025-05-01 00:00:00
233265-1-1-102,Order,2025-06-23 00:00:00,310726,WA003,"","",102,9999E,WA007,60,2025-05-01 00:00:00
233265-1-2-103,Order,2025-07-11 00:00:00,310726,WA003,"","",102,9999E,WA007,40,2025-05-01 00:00:00
233270-1-1-101,Order,2025-06-16 00:00:00,310002,WA001,"","",102,9999A,WA001,14.999909280595118,2025-06-13 00:00:00
233277-1-1,Contract,2025-07-01 00:00:00,310726,WA002,WA003,"",102,9999E,WA007,240.00217726571708,
233279-1-1,Contract,2025-07-01 00:00:00,310726,WA002,WA003,"",102,9999E,WA007,100.00090719404879,
233280-1-1,Contract,2025-07-01 00:00:00,310726,WA002,WA003,"",102,9999E,WA007,20.000181438809758,
233281-1-2-102,Order,2025-07-03 00:00:00,310724,WA002,WA003,"",102,9999E,WA007,40,2025-04-17 00:00:00
233281-1-2-103,Order,2025-06-26 00:00:00,310724,WA002,WA003,"",102,9999E,WA007,40,2025-04-17 00:00:00
233281-1-3-104,Order,2025-06-05 00:00:00,310724,WA002,WA003,"",102,9999E,WA007,40,2025-04-17 00:00:00
233281-1-3-105,Order,2025-06-05 00:00:00,310724,WA002,WA003,"",102,9999E,WA007,40,2025-04-17 00:00:00
233282-1-1,Contract,2025-06-01 00:00:00,310726,WA002,WA003,"",102,9999E,WA007,0.08000072575523903,
233296-1-2-103,Order,2025-06-13 00:00:00,310726,WA002,WA002,"",101,9999E,WA007,20,2025-04-22 00:00:00
233296-1-2-104,Order,2025-06-28 00:00:00,310726,WA002,WA002,"",101,9999E,WA007,80,2025-04-22 00:00:00
233311-1-1-106,Order,2025-06-17 00:00:00,310015,WA001,"","",102,9999A,WA001,18.00018143880976,2025-05-08 00:00:00
233311-1-1-107,Order,2025-06-17 00:00:00,310015,WA001,"","",102,9999A,WA001,18.00018143880976,2025-05-08 00:00:00
233311-1-1-108,Order,2025-06-17 00:00:00,310015,WA001,"","",102,9999A,WA001,18.00018143880976,2025-05-08 00:00:00
233314-1-1-101,Order,2025-06-25 00:00:00,310724,WA002,"","",101,3041A,WA007,40,2025-04-12 00:00:00
233314-1-1-102,Order,2025-07-15 00:00:00,310724,WA002,"","",101,3041A,WA007,40,2025-04-12 00:00:00
233319-1-1-101,Order,2025-06-18 00:00:00,310015,ID002,"","",102,9999E,WA007,300,2025-05-09 00:00:00
233322-1-1-101,Order,2025-07-01 00:00:00,310002,WA001,"","",102,9999A,WA001,200,2025-05-06 00:00:00
233322-1-1-102,Order,2025-06-20 00:00:00,310002,WA001,"","",102,9999A,WA001,200,2025-05-06 00:00:00
233322-1-2-104,Order,2025-06-17 00:00:00,310002,WA001,"","",102,9999A,WA001,200,2025-05-06 00:00:00
233322-1-3-105,Order,2025-06-25 00:00:00,310002,WA001,"","",102,9999A,WA001,200,2025-05-06 00:00:00
233322-1-3-106,Order,2025-07-15 00:00:00,310002,WA001,"","",102,9999A,WA001,200,2025-05-06 00:00:00
233332-1-1-101,Order,2025-08-16 00:00:00,310002,WA001,"","",102,9999A,WA001,160,2025-05-07 00:00:00
233332-1-1-102,Order,2025-08-16 00:00:00,310002,WA001,"","",102,9999A,WA001,200,2025-05-07 00:00:00
233332-1-1-103,Order,2025-08-16 00:00:00,310002,WA001,"","",102,9999A,WA001,120,2025-05-07 00:00:00
233351-1-1-101,Order,2025-07-09 00:00:00,310002,WA001,"","",102,9999A,WA001,80,2025-04-25 00:00:00
233354-1-1-101,Order,2025-07-15 00:00:00,310002,WA001,"","",102,9999A,WA001,160,2025-05-01 00:00:00
233354-1-1-102,Order,2025-05-20 00:00:00,310002,WA001,"","",101,9999A,WA001,160,2025-05-01 00:00:00
233378-1-1-101,Order,2025-06-16 00:00:00,310015,WA001,"","",102,9999A,WA001,14.999909280595118,2025-05-01 00:00:00
233378-1-1-102,Order,2025-06-18 00:00:00,310015,WA001,"","",102,9999A,WA001,14.999909280595118,2025-05-01 00:00:00
233378-1-1-103,Order,2025-06-19 00:00:00,310015,WA001,"","",102,9999A,WA001,14.999909280595118,2025-05-01 00:00:00
233378-1-1-104,Order,2025-05-26 00:00:00,310015,WA001,"","",102,9999A,WA001,14.999909280595118,2025-05-01 00:00:00
233378-1-1-105,Order,2025-05-26 00:00:00,310015,WA001,"","",102,9999A,WA001,14.999909280595118,2025-05-01 00:00:00
233378-1-1-106,Order,2025-05-26 00:00:00,310015,WA001,"","",102,9999A,WA001,14.999909280595118,2025-05-01 00:00:00
233378-1-1-107,Order,2025-05-26 00:00:00,310015,WA001,"","",102,9999A,WA001,14.999909280595118,2025-05-01 00:00:00
233378-1-1-108,Order,2025-05-26 00:00:00,310015,WA001,"","",102,9999A,WA001,14.999909280595118,2025-05-01 00:00:00
233378-1-1-109,Order,2025-05-26 00:00:00,310015,WA001,"","",102,9999A,WA001,14.999909280595118,2025-05-01 00:00:00
233378-1-1-110,Order,2025-05-26 00:00:00,310015,WA001,"","",102,9999A,WA001,14.999909280595118,2025-05-01 00:00:00
233378-1-1-111,Order,2025-05-26 00:00:00,310015,WA001,"","",102,9999A,WA001,14.999909280595118,2025-05-01 00:00:00
233382-1-1-111,Order,2025-06-10 00:00:00,310726,WA003,WA002,"",102,9999A,WA007,20,2025-05-05 00:00:00
233382-1-1-112,Order,2025-06-10 00:00:00,310726,WA003,WA002,"",102,9999A,WA007,20,2025-05-05 00:00:00
233382-1-1-113,Order,2025-06-10 00:00:00,310726,WA003,WA002,"",102,9999A,WA007,20,2025-05-05 00:00:00
233382-1-1-114,Order,2025-06-10 00:00:00,310726,WA003,WA002,"",102,9999A,WA007,20,2025-05-05 00:00:00
233382-1-1-115,Order,2025-06-10 00:00:00,310726,WA003,WA002,"",102,9999A,WA007,20,2025-05-05 00:00:00
233382-1-1-116,Order,2025-06-10 00:00:00,310726,WA003,WA002,"",102,9999A,WA007,20,2025-05-05 00:00:00
233382-1-1-117,Order,2025-06-10 00:00:00,310726,WA003,WA002,"",102,9999A,WA007,20,2025-05-05 00:00:00
233382-1-1-118,Order,2025-06-10 00:00:00,310726,WA003,WA002,"",102,9999A,WA007,20,2025-05-05 00:00:00
233382-1-1-119,Order,2025-06-10 00:00:00,310726,WA003,WA002,"",102,9999A,WA007,20,2025-05-05 00:00:00
233382-1-1-120,Order,2025-06-10 00:00:00,310726,WA003,WA002,"",102,9999A,WA007,20,2025-05-05 00:00:00
233383-1-1-111,Order,2025-07-10 00:00:00,310726,WA003,WA002,"",102,9999A,WA007,20,2025-05-06 00:00:00
233383-1-1-112,Order,2025-07-10 00:00:00,310726,WA003,WA002,"",102,9999A,WA007,20,2025-05-06 00:00:00
233383-1-1-113,Order,2025-07-10 00:00:00,310726,WA003,WA002,"",102,9999A,WA007,20,2025-05-06 00:00:00
233383-1-1-114,Order,2025-07-10 00:00:00,310726,WA003,WA002,"",102,9999A,WA007,20,2025-05-06 00:00:00
233383-1-1-115,Order,2025-07-10 00:00:00,310726,WA003,WA002,"",102,9999A,WA007,20,2025-05-06 00:00:00
233383-1-1-116,Order,2025-07-10 00:00:00,310726,WA003,WA002,"",102,9999A,WA007,20,2025-05-06 00:00:00
233383-1-1-117,Order,2025-07-10 00:00:00,310726,WA003,WA002,"",102,9999A,WA007,20,2025-05-06 00:00:00
233383-1-1-118,Order,2025-07-10 00:00:00,310726,WA003,WA002,"",102,9999A,WA007,20,2025-05-06 00:00:00
233383-1-1-119,Order,2025-07-10 00:00:00,310726,WA003,WA002,"",102,9999A,WA007,20,2025-05-06 00:00:00
233383-1-1-120,Order,2025-07-10 00:00:00,310726,WA003,WA002,"",102,9999A,WA007,20,2025-05-06 00:00:00
233390-1-1-101,Order,2025-06-16 00:00:00,310015,WA001,"","",102,9999A,WA001,14.999909280595118,2025-05-01 00:00:00
233390-1-1-102,Order,2025-06-19 00:00:00,310015,WA001,"","",102,9999A,WA001,14.999909280595118,2025-05-01 00:00:00
233390-1-1-103,Order,2025-06-20 00:00:00,310015,WA001,"","",102,9999A,WA001,14.999909280595118,2025-05-01 00:00:00
233390-1-1-104,Order,2025-05-23 00:00:00,310015,WA001,"","",102,9999A,WA001,14.999909280595118,2025-05-01 00:00:00
233390-1-1-105,Order,2025-05-23 00:00:00,310015,WA001,"","",102,9999A,WA001,14.999909280595118,2025-05-01 00:00:00
233390-1-1-106,Order,2025-05-23 00:00:00,310015,WA001,"","",102,9999A,WA001,14.999909280595118,2025-05-01 00:00:00
233390-1-1-107,Order,2025-05-23 00:00:00,310015,WA001,"","",102,9999A,WA001,14.999909280595118,2025-05-01 00:00:00
233390-1-1-108,Order,2025-05-23 00:00:00,310015,WA001,"","",102,9999A,WA001,14.999909280595118,2025-05-01 00:00:00
233390-1-1-109,Order,2025-05-23 00:00:00,310015,WA001,"","",102,9999A,WA001,14.999909280595118,2025-05-01 00:00:00
233390-1-1-110,Order,2025-05-23 00:00:00,310015,WA001,"","",102,9999A,WA001,14.999909280595118,2025-05-01 00:00:00
233390-1-1-111,Order,2025-05-23 00:00:00,310015,WA001,"","",102,9999A,WA001,14.999909280595118,2025-05-01 00:00:00
233393-1-1-101,Order,2025-05-26 00:00:00,310726,WA003,WA002,"",101,9999A,WA007,60,2025-05-13 00:00:00
233394-1-1,Contract,2025-06-01 00:00:00,310726,WA003,WA002,"",101,9999E,WA007,0.040000362877619516,
233397-1-1-101,Order,2025-05-13 00:00:00,310726,WA003,WA002,"",102,9999A,WA007,20,2025-05-02 00:00:00
233397-1-1-102,Order,2025-05-13 00:00:00,310726,WA003,WA002,"",102,9999A,WA007,20,2025-05-02 00:00:00
233397-1-1-103,Order,2025-05-13 00:00:00,310726,WA003,WA002,"",102,9999A,WA007,20,2025-05-02 00:00:00
233397-1-1-104,Order,2025-05-13 00:00:00,310726,WA003,WA002,"",102,9999A,WA007,20,2025-05-02 00:00:00
233397-1-1-105,Order,2025-05-13 00:00:00,310726,WA003,WA002,"",102,9999A,WA007,20,2025-05-02 00:00:00
233397-1-1-106,Order,2025-05-13 00:00:00,310726,WA003,WA002,"",102,9999A,WA007,20,2025-05-02 00:00:00
233397-1-1-107,Order,2025-05-13 00:00:00,310726,WA003,WA002,"",102,9999A,WA007,20,2025-05-02 00:00:00
233397-1-1-108,Order,2025-05-13 00:00:00,310726,WA003,WA002,"",102,9999A,WA007,20,2025-05-02 00:00:00
233397-1-1-109,Order,2025-05-13 00:00:00,310726,WA003,WA002,"",102,9999A,WA007,20,2025-05-02 00:00:00
233397-1-1-110,Order,2025-05-13 00:00:00,310726,WA003,WA002,"",102,9999A,WA007,20,2025-05-02 00:00:00
233402-1-1-101,Order,2025-07-15 00:00:00,310726,WA003,"","",101,3007DRYGUM,WA007,80,2025-05-29 00:00:00
233402-1-1-102,Order,2025-07-15 00:00:00,310726,WA003,"","",101,3007DRYGUM,WA007,100,2025-05-29 00:00:00
233402-1-2,Contract,2025-08-01 00:00:00,310726,WA003,"","",101,3007DRYGUM,WA007,620.0056246031024,
233402-1-3,Contract,2025-09-01 00:00:00,310726,WA003,"","",101,3007DRYGUM,WA007,200.00181438809759,
233402-1-4,Contract,2025-10-01 00:00:00,310726,WA003,"","",101,3007DRYGUM,WA007,200.00181438809759,
233417-1-1-101,Order,2025-06-09 00:00:00,310015,WA001,"","",102,9999A,WA001,14.999909280595118,2025-05-07 00:00:00
233417-1-1-102,Order,2025-06-09 00:00:00,310015,WA001,"","",102,9999A,WA001,14.999909280595118,2025-05-07 00:00:00
233417-1-1-103,Order,2025-06-09 00:00:00,310015,WA001,"","",102,9999A,WA001,14.999909280595118,2025-05-07 00:00:00
233417-1-1-104,Order,2025-06-09 00:00:00,310015,WA001,"","",102,9999A,WA001,14.999909280595118,2025-05-07 00:00:00
233417-1-1-105,Order,2025-06-09 00:00:00,310015,WA001,"","",102,9999A,WA001,14.999909280595118,2025-05-07 00:00:00
233417-1-1-106,Order,2025-06-09 00:00:00,310015,WA001,"","",102,9999A,WA001,14.999909280595118,2025-05-07 00:00:00
233417-1-1-107,Order,2025-06-09 00:00:00,310015,WA001,"","",102,9999A,WA001,14.999909280595118,2025-05-07 00:00:00
233417-1-1-108,Order,2025-06-09 00:00:00,310015,WA001,"","",102,9999A,WA001,14.999909280595118,2025-05-07 00:00:00
233417-1-1-109,Order,2025-06-09 00:00:00,310015,WA001,"","",102,9999A,WA001,14.999909280595118,2025-05-07 00:00:00
233417-1-1-110,Order,2025-06-09 00:00:00,310015,WA001,"","",102,9999A,WA001,14.999909280595118,2025-05-07 00:00:00
233428-1-1-101,Order,2025-08-02 00:00:00,310726,WA002,WA003,"",102,9999A,WA007,40,2025-06-04 00:00:00
233433-1-1,Contract,2025-06-01 00:00:00,310726,WA002,WA003,"",102,9999A,WA007,0.48000435453143425,
233444-1-2-104,Order,2025-06-01 00:00:00,310015,ID002,WA001,"",102,9999A,TX001,0.19994556835707158,2025-05-13 00:00:00
233446-1-1-101,Order,2025-06-25 00:00:00,310726,WA003,WA002,"",102,9999E,WA007,60,2025-05-13 00:00:00
233462-1-1,Contract,2025-06-01 00:00:00,310726,WA003,"","",101,3035A,WA007,40.000362877619516,
233466-1-1-101,Order,2025-05-27 00:00:00,310726,WA002,WA003,"",101,9999E,WA007,100,2025-05-19 00:00:00
233466-1-1-102,Order,2025-05-26 00:00:00,310726,WA002,WA003,"",101,9999E,WA007,20,2025-05-19 00:00:00
233472-1-1-101,Order,2025-06-09 00:00:00,310724,WA003,WA002,"",101,9999A,WA007,18.00018143880976,2025-05-21 00:00:00
233472-1-1-102,Order,2025-06-09 00:00:00,310724,WA003,WA002,"",101,9999A,WA007,18.00018143880976,2025-05-21 00:00:00
233472-1-1-103,Order,2025-06-09 00:00:00,310724,WA003,WA002,"",101,9999A,WA007,18.00018143880976,2025-05-21 00:00:00
233472-1-1-104,Order,2025-06-09 00:00:00,310724,WA003,WA002,"",101,9999A,WA007,18.00018143880976,2025-05-21 00:00:00
233472-1-1-105,Order,2025-06-09 00:00:00,310724,WA003,WA002,"",101,9999A,WA007,18.00018143880976,2025-05-21 00:00:00
233472-1-1-106,Order,2025-06-09 00:00:00,310724,WA003,WA002,"",101,9999A,WA007,18.00018143880976,2025-05-21 00:00:00
233472-1-1-107,Order,2025-06-09 00:00:00,310724,WA003,WA002,"",101,9999A,WA007,18.00018143880976,2025-05-21 00:00:00
233472-1-1-108,Order,2025-06-09 00:00:00,310724,WA003,WA002,"",101,9999A,WA007,18.00018143880976,2025-05-21 00:00:00
233472-1-1-109,Order,2025-06-09 00:00:00,310724,WA003,WA002,"",101,9999A,WA007,18.00018143880976,2025-05-21 00:00:00
233472-1-1-110,Order,2025-06-09 00:00:00,310724,WA003,WA002,"",101,9999A,WA007,18.00018143880976,2025-05-21 00:00:00
233472-1-1-111,Order,2025-06-09 00:00:00,310724,WA003,WA002,"",101,9999A,WA007,12,2025-05-27 00:00:00
233479-1-2-102,Order,2025-06-29 00:00:00,310015,ID002,"","",102,9999A,ID010,5.000090719404881,2025-05-29 00:00:00
233479-1-2-102,Order,2025-06-29 00:00:00,310086,ID002,"","",102,9999A,ID010,11,2025-05-29 00:00:00
233479-2-1-103,Order,2025-07-13 00:00:00,310015,ID002,"","",102,9999A,ID010,5.000090719404881,2025-06-03 00:00:00
233479-2-1-103,Order,2025-07-13 00:00:00,310086,ID002,"","",102,9999A,ID010,11,2025-06-03 00:00:00
233479-2-2-104,Order,2025-07-13 00:00:00,310015,ID002,"","",102,9999A,ID010,5.000090719404881,2025-06-09 00:00:00
233479-2-2-104,Order,2025-07-13 00:00:00,310086,ID002,"","",102,9999A,ID010,11,2025-06-09 00:00:00
233492-1-1-106,Order,2025-05-29 00:00:00,310015,ID002,WA001,"",102,9999A,TX001,0.32005806041912366,2025-05-22 00:00:00
233492-1-1-107,Order,2025-05-29 00:00:00,310015,ID002,WA001,"",102,9999A,TX001,0.05987480722126462,2025-05-22 00:00:00
233492-1-1-108,Order,2025-05-29 00:00:00,310015,ID002,WA001,"",102,9999A,TX001,0.2598203755783362,2025-05-22 00:00:00
233493-1-1-101,Order,2025-06-28 00:00:00,310726,WA003,"","",101,9999E,TX001,21.00009071940488,2025-05-22 00:00:00
233493-1-2,Contract,2025-08-01 00:00:00,310726,WA003,"","",101,9999E,TX001,21.000190510750244,
233497-1-1-101,Order,2025-05-31 00:00:00,310015,ID002,"","",102,9999A,ID002,14.999909280595118,2025-05-27 00:00:00
233499-1-1,Contract,2025-10-01 00:00:00,310726,WA003,"","",101,9999E,TX001,21.000190510750244,
233499-1-2,Contract,2025-11-01 00:00:00,310726,WA003,"","",101,9999E,TX001,21.000190510750244,
233499-1-3,Contract,2026-01-01 00:00:00,310726,WA003,"","",101,9999E,TX001,21.000190510750244,
233506-1-2,Contract,2025-06-01 00:00:00,310726,WA002,"","",102,9999A,WA011,1.000009071940488,
233508-1-1-101,Order,2025-07-08 00:00:00,310015,WA001,"","",102,9999A,WA001,16,2025-06-04 00:00:00
233508-1-1-102,Order,2025-07-08 00:00:00,310015,WA001,"","",102,9999A,WA001,16,2025-06-04 00:00:00
233508-1-1-103,Order,2025-07-08 00:00:00,310015,WA001,"","",102,9999A,WA001,16,2025-06-04 00:00:00
233508-1-1-104,Order,2025-07-08 00:00:00,310015,WA001,"","",102,9999A,WA001,16,2025-06-04 00:00:00
233508-1-1-105,Order,2025-07-08 00:00:00,310015,WA001,"","",102,9999A,WA001,16,2025-06-04 00:00:00
233508-1-1-106,Order,2025-07-08 00:00:00,310015,WA001,"","",102,9999A,WA001,16,2025-06-04 00:00:00
233508-1-1-107,Order,2025-07-08 00:00:00,310015,WA001,"","",102,9999A,WA001,16,2025-06-04 00:00:00
233508-1-1-108,Order,2025-07-08 00:00:00,310015,WA001,"","",102,9999A,WA001,16,2025-06-04 00:00:00
233508-1-1-109,Order,2025-07-08 00:00:00,310015,WA001,"","",102,9999A,WA001,16,2025-06-04 00:00:00
233508-1-1-110,Order,2025-07-08 00:00:00,310015,WA001,"","",102,9999A,WA001,16,2025-06-04 00:00:00
233508-1-1-111,Order,2025-07-08 00:00:00,310015,WA001,"","",102,9999A,WA001,16,2025-06-04 00:00:00
233508-1-1-112,Order,2025-07-08 00:00:00,310015,WA001,"","",102,9999A,WA001,16,2025-06-04 00:00:00
233508-1-1-113,Order,2025-07-08 00:00:00,310015,WA001,"","",102,9999A,WA001,16,2025-06-04 00:00:00
233508-1-1-114,Order,2025-07-08 00:00:00,310015,WA001,"","",102,9999A,WA001,16,2025-06-04 00:00:00
233508-1-1-115,Order,2025-07-08 00:00:00,310015,WA001,"","",102,9999A,WA001,16,2025-06-04 00:00:00
233509-1-1-101,Order,2025-06-08 00:00:00,310724,ID002,"","",101,9999E,ID010,14.999909280595118,2025-05-28 00:00:00
233509-1-1-102,Order,2025-06-08 00:00:00,310724,ID002,"","",101,9999E,ID010,14.999909280595118,2025-05-28 00:00:00
233509-1-1-103,Order,2025-06-08 00:00:00,310724,ID002,"","",101,9999E,ID010,14.999909280595118,2025-05-28 00:00:00
233510-1-1-116,Order,2025-06-06 00:00:00,310015,ID002,"","",101,3123A,ID002,14.999909280595118,2025-06-04 00:00:00
233510-1-1-117,Order,2025-06-06 00:00:00,310015,ID002,"","",101,3123A,ID002,14.999909280595118,2025-06-04 00:00:00
233510-1-1-118,Order,2025-06-06 00:00:00,310015,ID002,"","",101,3123A,ID002,14.999909280595118,2025-06-04 00:00:00
233510-1-1-119,Order,2025-06-09 00:00:00,310015,ID002,"","",101,3123A,ID002,14.999909280595118,2025-06-04 00:00:00
233510-1-1-120,Order,2025-06-10 00:00:00,310015,ID002,"","",101,3123A,ID002,14.999909280595118,2025-06-04 00:00:00
233510-1-1-121,Order,2025-06-13 00:00:00,310015,ID002,"","",101,3123A,ID002,14.999909280595118,2025-06-04 00:00:00
233510-1-1-122,Order,2025-06-17 00:00:00,310015,ID002,"","",101,3123A,ID002,14.999909280595118,2025-06-04 00:00:00
233510-1-1-123,Order,2025-06-13 00:00:00,310015,ID002,"","",101,3123A,ID002,14.999909280595118,2025-06-04 00:00:00
233510-1-1-124,Order,2025-06-16 00:00:00,310015,ID002,"","",101,3123A,ID002,14.999909280595118,2025-06-04 00:00:00
233510-1-1-125,Order,2025-06-17 00:00:00,310015,ID002,"","",101,3123A,ID002,14.999909280595118,2025-06-04 00:00:00
233510-1-1-126,Order,2025-06-20 00:00:00,310015,ID002,"","",101,3123A,ID002,14.999909280595118,2025-06-04 00:00:00
233510-1-1-127,Order,2025-06-20 00:00:00,310015,ID002,"","",101,3123A,ID002,14.999909280595118,2025-06-04 00:00:00
233510-1-1-128,Order,2025-06-20 00:00:00,310015,ID002,"","",101,3123A,ID002,14.999909280595118,2025-06-04 00:00:00
233510-1-1-129,Order,2025-06-23 00:00:00,310015,ID002,"","",101,3123A,ID002,14.999909280595118,2025-06-04 00:00:00
233510-1-1-130,Order,2025-06-24 00:00:00,310015,ID002,"","",101,3123A,ID002,14.999909280595118,2025-06-04 00:00:00
233511-1-1-105,Order,2025-06-27 00:00:00,310086,ID002,"","",101,3139A,ID010,19,2025-05-23 00:00:00
233513-1-1-101,Order,2025-07-10 00:00:00,310726,WA003,"","",101,9999E,WA007,20,2025-05-28 00:00:00
233518-1-1-101,Order,2025-06-03 00:00:00,310724,WA002,"","",102,9999E,WA011,20,2025-05-27 00:00:00
233521-1-1-101,Order,2025-06-24 00:00:00,310726,WA002,WA003,"",101,9999E,WA007,60,2025-06-04 00:00:00
233521-1-1-102,Order,2025-07-08 00:00:00,310726,WA002,WA003,"",101,9999E,WA007,60,2025-06-04 00:00:00
233522-1-1-101,Order,2025-06-28 00:00:00,310726,WA002,WA003,"",101,9999E,WA007,140,2025-06-04 00:00:00
233522-1-1-102,Order,2025-07-12 00:00:00,310726,WA002,WA003,"",101,9999E,WA007,140,2025-06-04 00:00:00
233527-1-1-117,Order,2025-06-16 00:00:00,310015,ID002,"","",102,9999A,ID002,14.999909280595118,2025-05-29 00:00:00
233527-1-1-118,Order,2025-06-16 00:00:00,310015,ID002,"","",102,9999A,ID002,14.999909280595118,2025-05-29 00:00:00
233527-1-1-119,Order,2025-06-17 00:00:00,310015,ID002,"","",102,9999A,ID002,14.999909280595118,2025-05-29 00:00:00
233527-1-1-120,Order,2025-06-17 00:00:00,310015,ID002,"","",102,9999A,ID002,14.999909280595118,2025-05-29 00:00:00
233527-1-1-121,Order,2025-06-12 00:00:00,310015,ID002,"","",102,9999A,ID002,14.999909280595118,2025-05-29 00:00:00
233527-1-1-122,Order,2025-06-12 00:00:00,310015,ID002,"","",102,9999A,ID002,14.999909280595118,2025-05-29 00:00:00
233527-1-1-123,Order,2025-06-12 00:00:00,310015,ID002,"","",102,9999A,ID002,14.999909280595118,2025-05-29 00:00:00
233527-1-1-124,Order,2025-06-12 00:00:00,310015,ID002,"","",102,9999A,ID002,14.999909280595118,2025-05-29 00:00:00
233527-1-1-125,Order,2025-06-12 00:00:00,310015,ID002,"","",102,9999A,ID002,14.999909280595118,2025-05-29 00:00:00
233528-1-1-105,Order,2025-06-15 00:00:00,310015,ID002,WA001,"",101,3123A,TX001,16,2025-06-03 00:00:00
233528-1-1-106,Order,2025-06-15 00:00:00,310015,ID002,WA001,"",101,3123A,TX001,16,2025-06-03 00:00:00
233528-1-1-107,Order,2025-06-15 00:00:00,310015,ID002,WA001,"",101,3123A,TX001,16,2025-06-03 00:00:00
233528-1-1-108,Order,2025-06-15 00:00:00,310015,ID002,WA001,"",101,3123A,TX001,16,2025-06-03 00:00:00
233528-1-1-109,Order,2025-06-15 00:00:00,310015,ID002,WA001,"",101,3123A,TX001,16,2025-06-03 00:00:00
233528-1-1-110,Order,2025-06-15 00:00:00,310015,ID002,WA001,"",101,3123A,TX001,16,2025-06-03 00:00:00
233533-1-1-101,Order,2025-06-26 00:00:00,310015,ID002,"","",102,9999A,ID002,14.999909280595118,2025-06-03 00:00:00
233533-1-1-102,Order,2025-06-26 00:00:00,310015,ID002,"","",102,9999A,ID002,14.999909280595118,2025-06-03 00:00:00
233533-1-1-103,Order,2025-06-26 00:00:00,310015,ID002,"","",102,9999A,ID002,14.999909280595118,2025-06-03 00:00:00
233533-1-1-104,Order,2025-06-26 00:00:00,310015,ID002,"","",102,9999A,ID002,14.999909280595118,2025-06-03 00:00:00
233533-1-1-105,Order,2025-06-26 00:00:00,310015,ID002,"","",102,9999A,ID002,14.999909280595118,2025-06-03 00:00:00
233533-1-1-106,Order,2025-06-26 00:00:00,310015,ID002,"","",102,9999A,ID002,14.999909280595118,2025-06-03 00:00:00
233533-1-1-107,Order,2025-06-26 00:00:00,310015,ID002,"","",102,9999A,ID002,14.999909280595118,2025-06-03 00:00:00
233533-1-1-108,Order,2025-06-26 00:00:00,310015,ID002,"","",102,9999A,ID002,14.999909280595118,2025-06-03 00:00:00
233533-1-1-109,Order,2025-06-26 00:00:00,310015,ID002,"","",102,9999A,ID002,14.999909280595118,2025-06-03 00:00:00
233533-1-1-110,Order,2025-06-26 00:00:00,310015,ID002,"","",102,9999A,ID002,14.999909280595118,2025-06-03 00:00:00
233533-1-1-111,Order,2025-06-26 00:00:00,310015,ID002,"","",102,9999A,ID002,14.999909280595118,2025-06-03 00:00:00
233533-1-1-112,Order,2025-06-26 00:00:00,310015,ID002,"","",102,9999A,ID002,14.999909280595118,2025-06-03 00:00:00
233533-1-1-113,Order,2025-06-26 00:00:00,310015,ID002,"","",102,9999A,ID002,14.999909280595118,2025-06-03 00:00:00
233533-1-1-114,Order,2025-06-26 00:00:00,310015,ID002,"","",102,9999A,ID002,14.999909280595118,2025-06-03 00:00:00
233533-1-1-115,Order,2025-06-26 00:00:00,310015,ID002,"","",102,9999A,ID002,14.999909280595118,2025-06-03 00:00:00
233533-1-1-116,Order,2025-06-26 00:00:00,310015,ID002,"","",102,9999A,ID002,14.999909280595118,2025-06-03 00:00:00
233533-1-1-117,Order,2025-06-26 00:00:00,310015,ID002,"","",102,9999A,ID002,14.999909280595118,2025-06-03 00:00:00
233533-1-1-118,Order,2025-06-26 00:00:00,310015,ID002,"","",102,9999A,ID002,14.999909280595118,2025-06-03 00:00:00
233533-1-1-119,Order,2025-06-26 00:00:00,310015,ID002,"","",102,9999A,ID002,14.999909280595118,2025-06-03 00:00:00
233533-1-1-120,Order,2025-06-26 00:00:00,310015,ID002,"","",102,9999A,ID002,14.999909280595118,2025-06-03 00:00:00
233533-1-1-121,Order,2025-06-26 00:00:00,310015,ID002,"","",102,9999A,ID002,14.999909280595118,2025-06-03 00:00:00
233533-1-1-122,Order,2025-06-26 00:00:00,310015,ID002,"","",102,9999A,ID002,14.999909280595118,2025-06-03 00:00:00
233533-1-1-123,Order,2025-06-26 00:00:00,310015,ID002,"","",102,9999A,ID002,14.999909280595118,2025-06-03 00:00:00
233533-1-1-124,Order,2025-06-26 00:00:00,310015,ID002,"","",102,9999A,ID002,14.999909280595118,2025-06-03 00:00:00
233533-1-1-125,Order,2025-06-26 00:00:00,310015,ID002,"","",102,9999A,ID002,14.999909280595118,2025-06-03 00:00:00
233533-1-1-126,Order,2025-06-26 00:00:00,310015,ID002,"","",102,9999A,ID002,14.999909280595118,2025-06-03 00:00:00
233533-1-1-127,Order,2025-06-26 00:00:00,310015,ID002,"","",102,9999A,ID002,14.999909280595118,2025-06-03 00:00:00
233533-1-1-128,Order,2025-06-26 00:00:00,310015,ID002,"","",102,9999A,ID002,14.999909280595118,2025-06-03 00:00:00
233533-1-1-129,Order,2025-06-26 00:00:00,310015,ID002,"","",102,9999A,ID002,14.999909280595118,2025-06-03 00:00:00
233533-1-1-130,Order,2025-06-26 00:00:00,310015,ID002,"","",102,9999A,ID002,14.999909280595118,2025-06-03 00:00:00
233533-1-1-131,Order,2025-06-26 00:00:00,310015,ID002,"","",102,9999A,ID002,14.999909280595118,2025-06-03 00:00:00
233533-1-1-132,Order,2025-06-26 00:00:00,310015,ID002,"","",102,9999A,ID002,14.999909280595118,2025-06-03 00:00:00
233533-1-1-133,Order,2025-06-26 00:00:00,310015,ID002,"","",102,9999A,ID002,14.999909280595118,2025-06-03 00:00:00
233533-1-1-134,Order,2025-06-26 00:00:00,310015,ID002,"","",102,9999A,ID002,14.999909280595118,2025-06-03 00:00:00
233533-1-1-135,Order,2025-06-26 00:00:00,310015,ID002,"","",102,9999A,ID002,14.999909280595118,2025-06-03 00:00:00
233533-1-1-136,Order,2025-06-26 00:00:00,310015,ID002,"","",102,9999A,ID002,14.999909280595118,2025-06-03 00:00:00
233533-1-1-137,Order,2025-06-26 00:00:00,310015,ID002,"","",102,9999A,ID002,14.999909280595118,2025-06-03 00:00:00
233534-1-1-104,Order,2025-06-28 00:00:00,310015,ID002,WA001,"",102,9999A,TX001,21.00009071940488,2025-05-30 00:00:00
233534-1-1-105,Order,2025-06-28 00:00:00,310015,ID002,WA001,"",102,9999A,TX001,21.00009071940488,2025-05-30 00:00:00
233538-1-1-101,Order,2025-06-27 00:00:00,310086,ID002,"","",101,3139A,ID010,19,2025-06-02 00:00:00
233538-1-1-102,Order,2025-06-27 00:00:00,310086,ID002,"","",101,3139A,ID010,19,2025-06-02 00:00:00
233538-1-1-103,Order,2025-06-27 00:00:00,310086,ID002,"","",101,3139A,ID010,19,2025-06-02 00:00:00
233538-1-1-104,Order,2025-06-27 00:00:00,310086,ID002,"","",101,3139A,ID010,19,2025-06-02 00:00:00
233538-1-1-105,Order,2025-06-27 00:00:00,310086,ID002,"","",101,3139A,ID010,19,2025-06-02 00:00:00
233539-1-1-101,Order,2025-06-28 00:00:00,310015,ID002,WA001,"",102,9999A,TX001,21.00009071940488,2025-06-02 00:00:00
233539-1-1-102,Order,2025-06-28 00:00:00,310015,ID002,WA001,"",102,9999A,TX001,21.00009071940488,2025-06-02 00:00:00
233539-1-1-103,Order,2025-06-28 00:00:00,310015,ID002,WA001,"",102,9999A,TX001,21.00009071940488,2025-06-02 00:00:00
233539-1-1-104,Order,2025-06-28 00:00:00,310015,ID002,WA001,"",102,9999A,TX001,21.00009071940488,2025-06-02 00:00:00
233539-1-1-105,Order,2025-06-28 00:00:00,310015,ID002,WA001,"",102,9999A,TX001,21.00009071940488,2025-06-02 00:00:00
233539-1-1-106,Order,2025-06-28 00:00:00,310015,ID002,WA001,"",102,9999A,TX001,21.00009071940488,2025-06-02 00:00:00
233539-1-1-107,Order,2025-06-28 00:00:00,310015,ID002,WA001,"",102,9999A,TX001,21.00009071940488,2025-06-02 00:00:00
233539-1-1-108,Order,2025-06-28 00:00:00,310015,ID002,WA001,"",102,9999A,TX001,21.00009071940488,2025-06-02 00:00:00
233539-1-1-109,Order,2025-06-28 00:00:00,310015,ID002,WA001,"",102,9999A,TX001,21.00009071940488,2025-06-02 00:00:00
233539-1-1-110,Order,2025-06-28 00:00:00,310015,ID002,WA001,"",102,9999A,TX001,21.00009071940488,2025-06-02 00:00:00
233539-1-1-111,Order,2025-06-28 00:00:00,310015,ID002,WA001,"",102,9999A,TX001,21.00009071940488,2025-06-02 00:00:00
233539-1-1-112,Order,2025-06-28 00:00:00,310015,ID002,WA001,"",102,9999A,TX001,21.00009071940488,2025-06-02 00:00:00
233557-1-1-101,Order,2025-09-14 00:00:00,310015,WA001,"","",102,9999A,WA001,2.0001814388097614,2025-06-03 00:00:00
233563-1-1-101,Order,2025-07-19 00:00:00,310015,WA001,"","",102,9999A,WA001,14.999909280595118,2025-06-05 00:00:00
233563-1-1-102,Order,2025-07-19 00:00:00,310015,WA001,"","",102,9999A,WA001,14.999909280595118,2025-06-05 00:00:00
233563-1-1-103,Order,2025-07-19 00:00:00,310015,WA001,"","",102,9999A,WA001,14.999909280595118,2025-06-05 00:00:00
233563-1-1-104,Order,2025-07-26 00:00:00,310015,WA001,"","",102,9999A,WA001,14.999909280595118,2025-06-05 00:00:00
233563-1-1-105,Order,2025-07-26 00:00:00,310015,WA001,"","",102,9999A,WA001,14.999909280595118,2025-06-05 00:00:00
233563-1-1-106,Order,2025-07-26 00:00:00,310015,WA001,"","",102,9999A,WA001,14.999909280595118,2025-06-05 00:00:00
233563-1-1-107,Order,2025-08-01 00:00:00,310015,WA001,"","",102,9999A,WA001,14.999909280595118,2025-06-05 00:00:00
233563-1-1-108,Order,2025-08-01 00:00:00,310015,WA001,"","",102,9999A,WA001,14.999909280595118,2025-06-05 00:00:00
233563-1-1-109,Order,2025-08-01 00:00:00,310015,WA001,"","",102,9999A,WA001,14.999909280595118,2025-06-05 00:00:00
233563-1-1-110,Order,2025-08-01 00:00:00,310015,WA001,"","",102,9999A,WA001,14.999909280595118,2025-06-05 00:00:00
233580-1-1-101,Order,2025-06-23 00:00:00,310724,WA002,"","",102,9999A,WA007,18.00018143880976,2025-06-10 00:00:00
233580-1-1-102,Order,2025-06-23 00:00:00,310724,WA002,"","",102,9999A,WA007,18.00018143880976,2025-06-10 00:00:00
233580-1-1-103,Order,2025-06-23 00:00:00,310724,WA002,"","",102,9999A,WA007,18.00018143880976,2025-06-10 00:00:00
233580-1-1-104,Order,2025-06-23 00:00:00,310724,WA002,"","",102,9999A,WA007,18.00018143880976,2025-06-10 00:00:00
233580-1-1-105,Order,2025-06-23 00:00:00,310724,WA002,"","",102,9999A,WA007,18.00018143880976,2025-06-10 00:00:00
233580-1-1-106,Order,2025-06-23 00:00:00,310724,WA002,"","",102,9999A,WA007,18.00018143880976,2025-06-10 00:00:00
233580-1-1-107,Order,2025-06-23 00:00:00,310724,WA002,"","",102,9999A,WA007,18.00018143880976,2025-06-10 00:00:00
233580-1-1-108,Order,2025-06-23 00:00:00,310724,WA002,"","",102,9999A,WA007,18.00018143880976,2025-06-10 00:00:00
233580-1-1-109,Order,2025-06-23 00:00:00,310724,WA002,"","",102,9999A,WA007,18.00018143880976,2025-06-10 00:00:00
233581-1-1-101,Order,2025-06-17 00:00:00,310724,WA002,"","",102,9999E,WA011,20,2025-06-09 00:00:00
233584-1-1-101,Order,2025-07-09 00:00:00,310015,ID002,"","",102,9999A,ID002,16,2025-06-13 00:00:00
233584-1-1-102,Order,2025-07-09 00:00:00,310015,ID002,"","",102,9999A,ID002,16,2025-06-13 00:00:00
233584-1-1-103,Order,2025-07-09 00:00:00,310015,ID002,"","",102,9999A,ID002,16,2025-06-13 00:00:00
233584-1-1-104,Order,2025-07-09 00:00:00,310015,ID002,"","",102,9999A,ID002,16,2025-06-13 00:00:00
233584-1-1-105,Order,2025-07-09 00:00:00,310015,ID002,"","",102,9999A,ID002,16,2025-06-13 00:00:00
233584-1-1-106,Order,2025-07-09 00:00:00,310015,ID002,"","",102,9999A,ID002,16,2025-06-13 00:00:00
233584-1-1-107,Order,2025-07-09 00:00:00,310015,ID002,"","",102,9999A,ID002,16,2025-06-13 00:00:00
233584-1-1-108,Order,2025-07-09 00:00:00,310015,ID002,"","",102,9999A,ID002,16,2025-06-13 00:00:00
233584-1-1-109,Order,2025-07-09 00:00:00,310015,ID002,"","",102,9999A,ID002,16,2025-06-13 00:00:00
233584-1-1-110,Order,2025-07-09 00:00:00,310015,ID002,"","",102,9999A,ID002,16,2025-06-13 00:00:00
233585-1-1-101,Order,2025-06-14 00:00:00,310724,WA003,"","",102,9999A,WA007,12,2025-06-10 00:00:00
233585-1-1-102,Order,2025-06-14 00:00:00,310724,WA003,"","",102,9999A,WA007,12,2025-06-10 00:00:00
233594-1-1-101,Order,2025-06-27 00:00:00,310015,ID002,"","",102,9999E,ID002,14.999909280595118,2025-06-13 00:00:00
233594-1-1-102,Order,2025-06-27 00:00:00,310015,ID002,"","",102,9999E,ID002,14.999909280595118,2025-06-13 00:00:00
233594-1-1-103,Order,2025-06-27 00:00:00,310015,ID002,"","",102,9999E,ID002,14.999909280595118,2025-06-13 00:00:00
233594-1-1-104,Order,2025-06-27 00:00:00,310015,ID002,"","",102,9999E,ID002,14.999909280595118,2025-06-13 00:00:00
233594-1-1-105,Order,2025-06-27 00:00:00,310015,ID002,"","",102,9999E,ID002,14.999909280595118,2025-06-13 00:00:00
233595-1-1-101,Order,2025-06-20 00:00:00,310726,WA002,"","",102,9999A,WA002,14.999909280595118,2025-06-12 00:00:00
233595-1-1-102,Order,2025-06-20 00:00:00,310726,WA002,"","",102,9999A,WA002,14.999909280595118,2025-06-12 00:00:00
233595-1-1-103,Order,2025-06-20 00:00:00,310726,WA002,"","",102,9999A,WA002,14.999909280595118,2025-06-12 00:00:00
233595-1-1-104,Order,2025-06-20 00:00:00,310726,WA002,"","",102,9999A,WA002,14.999909280595118,2025-06-12 00:00:00
233595-1-1-105,Order,2025-06-20 00:00:00,310726,WA002,"","",102,9999A,WA002,14.999909280595118,2025-06-12 00:00:00
233595-1-1-106,Order,2025-06-20 00:00:00,310726,WA002,"","",102,9999A,WA002,14.999909280595118,2025-06-12 00:00:00
233595-1-1-107,Order,2025-06-20 00:00:00,310726,WA002,"","",102,9999A,WA002,14.999909280595118,2025-06-12 00:00:00
233595-1-1-108,Order,2025-06-20 00:00:00,310726,WA002,"","",102,9999A,WA002,14.999909280595118,2025-06-12 00:00:00
233595-1-1-109,Order,2025-06-20 00:00:00,310726,WA002,"","",102,9999A,WA002,14.999909280595118,2025-06-12 00:00:00
233595-1-1-110,Order,2025-06-20 00:00:00,310726,WA002,"","",102,9999A,WA002,14.999909280595118,2025-06-12 00:00:00
233595-1-1-111,Order,2025-06-20 00:00:00,310726,WA002,"","",102,9999A,WA002,14.999909280595118,2025-06-12 00:00:00
233595-1-1-121,Order,2025-06-13 00:00:00,310726,WA002,"","",102,9999A,WA002,14.999909280595118,2025-06-12 00:00:00
233595-1-1-122,Order,2025-06-13 00:00:00,310726,WA002,"","",102,9999A,WA002,14.999909280595118,2025-06-12 00:00:00
233595-1-1-123,Order,2025-06-13 00:00:00,310726,WA002,"","",102,9999A,WA002,14.999909280595118,2025-06-12 00:00:00
233595-1-1-124,Order,2025-06-13 00:00:00,310726,WA002,"","",102,9999A,WA002,14.999909280595118,2025-06-12 00:00:00
233595-1-1-125,Order,2025-06-13 00:00:00,310726,WA002,"","",102,9999A,WA002,14.999909280595118,2025-06-12 00:00:00
233595-1-1-126,Order,2025-06-13 00:00:00,310726,WA002,"","",102,9999A,WA002,14.999909280595118,2025-06-12 00:00:00
233595-1-1-127,Order,2025-06-13 00:00:00,310726,WA002,"","",102,9999A,WA002,14.999909280595118,2025-06-12 00:00:00
233595-1-1-128,Order,2025-06-13 00:00:00,310726,WA002,"","",102,9999A,WA002,14.999909280595118,2025-06-12 00:00:00
233595-1-1-129,Order,2025-06-13 00:00:00,310726,WA002,"","",102,9999A,WA002,14.999909280595118,2025-06-12 00:00:00
233603-1-1-102,Order,2025-06-27 00:00:00,310015,WA001,"","",102,9999A,WA001,14.999909280595118,2025-06-13 00:00:00
