ORDER_NUMBER,Inventory History for Allocation.WHSE_CODE,ITEM,Inventory History for Allocation.PRODUCTION_PLANT,Inventory History for Allocation.QC_GRADE,Inventory History for Allocation.SPEC,Average of Inventory History for Allocation.AGE,SHIPPED_DATE
232128-1-8-132,WA007,310726,WA003,101,3002A-3005WGUM-3007DRYGUM-3007FO-3007S-3015A-3025S-3033A-3035A-9999A-9999C-9999CS-9999E,25.00,2025-06-25 00:00:00
232128-1-8-132,WA003,310726,WA003,101,3005WGUM-3007DRYGUM-3007FO-3007S-3025S-3033A-3035A-9999A-9999C-9999CS-9999E,6.00,2025-06-25 00:00:00
232128-1-8-132,WA007,310726,WA003,101,3005WGUM-3007DRYGUM-3007FO-3007S-3025S-3033A-3035A-9999A-9999C-9999CS-9999E,25.40,2025-06-25 00:00:00
232128-1-8-134,WA003,310726,WA003,101,"",8.00,2025-06-25 00:00:00
232128-1-8-134,WA007,310726,WA003,101,3002A-3005WGUM-3007DRYGUM-3007FO-3007S-3015A-3025S-3033A-3035A-9999A-9999C-9999CS-9999E,28.00,2025-06-25 00:00:00
232128-1-8-134,WA003,310726,WA003,101,3002A-3005WGUM-3007DRYGUM-3007FO-3007S-3015A-3025S-3035A-9999A-9999C-9999CS-9999E,8.00,2025-06-25 00:00:00
232128-1-8-134,WA007,310726,WA003,101,3002A-3005WGUM-3007DRYGUM-3007FO-3007S-3015A-3025S-3035A-9999A-9999C-9999CS-9999E,29.00,2025-06-25 00:00:00
232128-1-8-134,WA007,310726,WA003,101,3002A-3005WGUM-3007DRYGUM-3007S-3015A-3025S-3033A-3035A-9999A-9999C-9999CS-9999E,28.00,2025-06-25 00:00:00
232128-1-8-134,WA003,310726,WA003,101,3005WGUM-3007DRYGUM-3007FO-3007S-3025S-3033A-3035A-9999A-9999C-9999CS-9999E,6.00,2025-06-25 00:00:00
232128-1-8-134,WA007,310726,WA003,101,3005WGUM-3007DRYGUM-3007FO-3007S-3025S-3033A-3035A-9999A-9999C-9999CS-9999E,27.00,2025-06-25 00:00:00
232128-1-8-134,WA003,310726,WA003,102,9999A,8.00,2025-06-25 00:00:00
232130-1-9-124,WA003,310726,WA003,101,3005WGUM-3007DRYGUM-3007FO-3007S-3025S-3033A-3035A-9999A-9999C-9999CS-9999E,6.17,2025-06-25 00:00:00
232130-1-9-124,WA007,310726,WA003,101,3005WGUM-3007DRYGUM-3007FO-3007S-3025S-3033A-3035A-9999A-9999C-9999CS-9999E,26.55,2025-06-25 00:00:00
232483-1-4-117,WA001,310774,WA001,102,9999A,28.28,2025-06-25 00:00:00
232665-1-1-102,WA002,310726,WA002,101,3035A-9999A-9999C-9999E,8.00,2025-06-25 00:00:00
232665-1-1-102,WA007,310726,WA002,101,3035A-9999A-9999C-9999E,11.00,2025-06-25 00:00:00
232665-1-1-102,WA007,310726,WA002,101,3035A-9999A-9999E,17.55,2025-06-25 00:00:00
233119-1-2-102,WA001,310002,WA001,102,9999A,28.50,2025-06-25 00:00:00
233235-1-1-104,WA007,310726,WA003,101,3002A-3007S-3015A-3025S-3033A-3035A-9999A-9999C-9999CS-9999E,9.00,2025-06-25 00:00:00
233235-1-1-104,WA007,310726,WA003,101,3002A-3007S-3015A-3025S-3033A-3035A-9999A-9999E,9.00,2025-06-25 00:00:00
233235-1-1-104,WA003,310726,WA003,101,3005WGUM-3007DRYGUM-3007FO-3007S-3025S-3033A-3035A-9999A-9999C-9999CS-9999E,7.00,2025-06-25 00:00:00
233235-1-1-104,WA007,310726,WA003,101,3005WGUM-3007DRYGUM-3007FO-3007S-3025S-3033A-3035A-9999A-9999C-9999CS-9999E,11.50,2025-06-25 00:00:00
233235-1-1-104,WA003,310726,WA003,101,3007S-3025S-3033A-3035A-9999A-9999C-9999CS-9999E,8.00,2025-06-25 00:00:00
233235-1-1-104,WA007,310726,WA003,101,3007S-3025S-3033A-3035A-9999A-9999C-9999CS-9999E,11.00,2025-06-25 00:00:00
233235-1-1-104,WA003,310726,WA003,101,3007S-3025S-3033A-3035A-9999A-9999E,7.00,2025-06-25 00:00:00
233235-1-1-104,WA007,310726,WA003,101,3007S-3025S-3033A-3035A-9999A-9999E,12.00,2025-06-25 00:00:00
233235-1-1-104,WA002,310726,WA002,101,9999A-9999C-9999CS-9999E,9.00,2025-06-25 00:00:00
233235-1-1-104,WA007,310726,WA002,101,9999A-9999C-9999CS-9999E,10.00,2025-06-25 00:00:00
233235-1-1-104,WA007,310726,WA002,101,9999A-9999C-9999E,16.00,2025-06-25 00:00:00
233235-1-1-104,WA007,310726,WA002,101,9999A-9999E,15.22,2025-06-25 00:00:00
233239-1-1-103,WA007,310724,WA002,101,3040A-3043A-3045A-3053A-3055A-9999A-9999C-9999E,28.50,2025-06-25 00:00:00
233239-1-1-103,WA002,310724,WA002,101,3040A-3043A-3045A-3053A-3055A-9999A-9999E,7.50,2025-06-25 00:00:00
233239-1-1-103,WA007,310724,WA002,101,3040A-3043A-3045A-3053A-3055A-9999A-9999E,27.71,2025-06-25 00:00:00
233239-1-1-104,WA007,310724,WA002,101,3040A-3043A-3045A-3053A-3055A-9999A-9999E,29.50,2025-06-25 00:00:00
233239-1-1-104,WA007,310724,WA002,101,3040A-3045A-3053A-3055A-9999A-9999E,30.50,2025-06-25 00:00:00
233239-1-1-104,WA007,310724,WA002,101,3040A-3045A-3053A-9999A-9999E,12.00,2025-06-25 00:00:00
233242-1-1-102,WA003,310726,WA003,101,3002A-3007S-3015A-3025S-3033A-3035A-9999A-9999E,7.00,2025-06-25 00:00:00
233242-1-1-102,WA007,310726,WA003,101,3002A-3007S-3015A-3025S-3033A-3035A-9999A-9999E,11.00,2025-06-25 00:00:00
233242-1-1-102,WA003,310726,WA003,101,3002A-3007S-3025S-3035A-9999A-9999E,7.00,2025-06-25 00:00:00
233242-1-1-102,WA007,310726,WA003,101,3002A-3007S-3025S-3035A-9999A-9999E,10.50,2025-06-25 00:00:00
233242-1-1-102,WA003,310726,WA003,101,3007S-3033A-3035A-9999A-9999E,7.00,2025-06-25 00:00:00
233242-1-1-102,WA007,310726,WA003,101,3007S-3033A-3035A-9999A-9999E,10.50,2025-06-25 00:00:00
233322-1-2-104,WA001,310002,WA001,102,9999A,9.42,2025-06-25 00:00:00
233390-1-1-106,WA001,310015,WA001,101,9999A-9999E,12.40,2025-06-25 00:00:00
233417-1-1-103,WA001,310015,WA001,101,9999A-9999E,12.50,2025-06-25 00:00:00
233417-1-1-103,WA001,310015,WA001,102,9999A,12.50,2025-06-25 00:00:00
233417-1-1-105,WA001,310015,WA001,101,9999A-9999E,12.33,2025-06-25 00:00:00
233417-1-1-106,WA001,310015,WA001,101,9999A-9999E,12.00,2025-06-25 00:00:00
233533-1-1-111,ID002,310015,ID002,101,3117A-3123A-9999A-9999E,9.00,2025-06-25 00:00:00
233533-1-1-113,ID002,310015,ID002,101,3117A-3117S-3123A-9999A-9999E,9.50,2025-06-25 00:00:00
233533-1-1-113,ID002,310015,ID002,101,3117A-3123A-9999A-9999E,9.50,2025-06-25 00:00:00
233533-1-1-114,ID002,310015,ID002,101,3117A-3123A-9999A-9999E,9.00,2025-06-25 00:00:00
233538-1-1-102,ID010,310086,ID002,101,3139A-3140A-9999A,54.70,2025-06-25 00:00:00
233594-1-1-104,ID002,310015,ID002,101,3117A-3117S-3123A-9999A-9999E,9.50,2025-06-25 00:00:00
233594-1-1-104,ID002,310015,ID002,101,3117A-3123A-9999A-9999E,9.47,2025-06-25 00:00:00
232128-1-8-133,WA007,310726,WA003,101,"",11.50,2025-06-24 00:00:00
232128-1-8-133,WA003,310726,WA003,101,3005WGUM-3007DRYGUM-3007FO-3007S-3025S-3033A-3035A-9999A-9999C-9999CS-9999E,12.50,2025-06-24 00:00:00
232128-1-8-133,WA007,310726,WA003,101,3005WGUM-3007DRYGUM-3007FO-3007S-3025S-3033A-3035A-9999A-9999C-9999CS-9999E,28.67,2025-06-24 00:00:00
232128-1-8-134,WA003,310726,WA003,101,"",8.00,2025-06-24 00:00:00
232128-1-8-134,WA007,310726,WA003,101,3002A-3005WGUM-3007DRYGUM-3007FO-3007S-3015A-3025S-3033A-3035A-9999A-9999C-9999CS-9999E,27.50,2025-06-24 00:00:00
232128-1-8-134,WA007,310726,WA003,101,3002A-3005WGUM-3007DRYGUM-3007FO-3007S-3015A-3025S-3035A-9999A-9999C-9999CS-9999E,27.50,2025-06-24 00:00:00
232483-1-4-116,WA001,310774,WA001,102,9999A,21.12,2025-06-24 00:00:00
232665-1-1-102,WA007,310726,WA002,101,3015A-3035A-9999A-9999E,20.50,2025-06-24 00:00:00
232665-1-1-102,WA007,310726,WA002,101,3035A-9999A-9999C-9999E,19.83,2025-06-24 00:00:00
232665-1-1-102,WA007,310726,WA002,101,3035A-9999A-9999E,20.68,2025-06-24 00:00:00
232743-1-7-113,WA001,310015,WA001,101,9999A-9999E,14.50,2025-06-24 00:00:00
232807-1-3-172,MEX002,310015,ID002,101,3117A-3123A-3132A-9999A-9999E,48.32,2025-06-24 00:00:00
232807-1-3-172,MEX002,310015,ID002,101,3117A-3123A-9999A-9999E,48.17,2025-06-24 00:00:00
232807-1-3-173,MEX002,310015,ID002,101,3117A-3123A-3132A-9999A-9999E,48.32,2025-06-24 00:00:00
232807-1-3-173,MEX002,310015,ID002,101,3117A-3123A-9999A-9999E,48.17,2025-06-24 00:00:00
232807-1-3-174,MEX002,310015,ID002,101,3117A-3123A-3132A-9999A-9999E,50.00,2025-06-24 00:00:00
232807-1-3-174,MEX002,310015,ID002,101,3123A-3132A-9999A-9999E,50.17,2025-06-24 00:00:00
232807-1-3-175,MEX002,310015,ID002,101,3117A-3123A-3132A-9999A-9999E,50.22,2025-06-24 00:00:00
232807-1-3-175,MEX002,310015,ID002,101,3117A-3123A-9999A-9999E,50.62,2025-06-24 00:00:00
232807-1-3-176,MEX002,310015,ID002,101,3117A-3123A-3132A-9999A-9999E,50.79,2025-06-24 00:00:00
232807-1-3-176,MEX002,310015,ID002,101,3117A-3123A-9999A-9999E,51.17,2025-06-24 00:00:00
233156-1-3-110,WA001,310015,WA001,101,9999A-9999E,13.50,2025-06-24 00:00:00
233239-1-1-103,WA007,310724,WA002,101,3040A-3043A-3045A-3053A-3055A-9999A-9999C-9999E,27.13,2025-06-24 00:00:00
233239-1-1-103,WA002,310724,WA002,101,3040A-3043A-3045A-3053A-3055A-9999A-9999E,7.50,2025-06-24 00:00:00
233239-1-1-103,WA007,310724,WA002,101,3040A-3043A-3045A-3053A-3055A-9999A-9999E,28.63,2025-06-24 00:00:00
233239-1-1-103,WA002,310724,WA002,101,3040A-3045A-3053A-3055A-9999A-9999C-9999E,8.50,2025-06-24 00:00:00
233239-1-1-103,WA007,310724,WA002,101,3040A-3045A-3053A-3055A-9999A-9999C-9999E,28.79,2025-06-24 00:00:00
233281-1-2-102,WA007,310724,WA002,101,3040A-3043A-3045A-3053A-3055A-9999A-9999E,28.71,2025-06-24 00:00:00
233281-1-2-102,WA007,310724,WA002,101,3040A-3043A-3045A-3053A-9999A-9999C-9999E,31.50,2025-06-24 00:00:00
233281-1-2-102,WA007,310724,WA002,101,3040A-3043A-3045A-3053A-9999A-9999E,28.71,2025-06-24 00:00:00
233281-1-2-102,WA007,310724,WA002,101,3040A-3043A-3045A-9999A-9999E,29.66,2025-06-24 00:00:00
233281-1-2-102,WA007,310724,WA002,101,3040A-3045A-3053A-9999A-9999E,24.67,2025-06-24 00:00:00
233322-1-2-104,WA001,310002,WA001,102,9999A,10.62,2025-06-24 00:00:00
233382-1-1-113,WA007,310726,WA002,102,9999A,34.03,2025-06-24 00:00:00
233390-1-1-105,WA001,310015,WA001,101,9999A-9999E,14.50,2025-06-24 00:00:00
233402-1-1-101,WA007,310726,WA003,101,3005WGUM-3007DRYGUM-3007FO-3007S-3025S-3033A-3035A-9999A-9999C-9999CS-9999E,27.73,2025-06-24 00:00:00
233402-1-1-101,WA007,310726,WA003,101,3005WGUM-3007DRYGUM-3007FO-3007S-3025S-3035A-9999A-9999C-9999CS-9999E,26.67,2025-06-24 00:00:00
233417-1-1-104,WA001,310015,WA001,101,9999A-9999E,13.72,2025-06-24 00:00:00
233417-1-1-104,WA001,310015,WA001,102,9999A,12.50,2025-06-24 00:00:00
233510-1-1-117,ID002,310015,ID002,101,3117A-3123A-9999A-9999E,9.47,2025-06-24 00:00:00
233533-1-1-109,ID002,310015,ID002,101,3117A-3123A-9999A-9999E,10.00,2025-06-24 00:00:00
233533-1-1-110,ID002,310015,ID002,101,3117A-3123A-9999A-9999E,10.00,2025-06-24 00:00:00
233533-1-1-112,ID002,310015,ID002,101,3117A-3123A-9999A-9999E,10.00,2025-06-24 00:00:00
233585-1-1-101,WA007,310724,WA002,101,3040A-3045A-3053A-9999A,41.67,2025-06-24 00:00:00
233594-1-1-105,ID002,310015,ID002,101,3117A-3123A-9999A-9999E,10.00,2025-06-24 00:00:00
233595-1-1-106,WA002,310726,WA002,102,9999A,13.50,2025-06-24 00:00:00
233595-1-1-107,WA002,310726,WA002,101,3035A-9999A-9999C-9999E,8.00,2025-06-24 00:00:00
233595-1-1-107,WA002,310726,WA002,101,3035A-9999A-9999E,9.50,2025-06-24 00:00:00
233595-1-1-108,WA002,310726,WA002,101,3035A-9999A-9999C-9999E,8.00,2025-06-24 00:00:00
233595-1-1-108,WA002,310726,WA002,101,3035A-9999A-9999E,9.50,2025-06-24 00:00:00
EDI143799,WA018,310015,WA002,101,3117A-3123A-9999A-9999E,105.64,2025-06-24 00:00:00
MIT113131,WA018,310018,WA001,102,9999A,47.67,2025-06-24 00:00:00
232128-1-7-129,WA007,310726,WA003,101,3002A-3005WGUM-3007DRYGUM-3007FO-3007S-3015A-3025S-3033A-3035A-9999A-9999C-9999CS-9999E,36.88,2025-06-23 00:00:00
232128-1-7-129,WA007,310726,WA003,101,3002A-3005WGUM-3007DRYGUM-3007FO-3007S-3025S-3033A-3035A-9999A-9999C-9999CS-9999E,37.50,2025-06-23 00:00:00
232128-1-7-129,WA007,310726,WA003,101,3002A-3007DRYGUM-3007FO-3007S-3025S-3033A-3035A-9999A-9999C-9999CS-9999E,36.50,2025-06-23 00:00:00
232128-1-7-130,WA007,310726,WA003,101,3002A-3005WGUM-3007DRYGUM-3007FO-3007S-3015A-3025S-3033A-3035A-9999A-9999C-9999CS-9999E,36.50,2025-06-23 00:00:00
232128-1-7-130,WA007,310726,WA003,101,3002A-3005WGUM-3007DRYGUM-3007FO-3007S-3025S-3033A-3035A-9999A-9999C-9999CS-9999E,36.50,2025-06-23 00:00:00
232128-1-7-130,WA007,310726,WA003,101,3002A-3005WGUM-3007DRYGUM-3007S-3015A-3025S-3033A-3035A-9999A-9999C-9999CS-9999E,35.50,2025-06-23 00:00:00
232128-1-7-131,WA007,310726,WA003,101,3002A-3005WGUM-3007DRYGUM-3007FO-3007S-3015A-3025S-3033A-3035A-9999A-9999C-9999CS-9999E,28.50,2025-06-23 00:00:00
232128-1-7-131,WA007,310726,WA003,101,3002A-3005WGUM-3007DRYGUM-3007FO-3007S-3025S-3033A-3035A-9999A-9999C-9999CS-9999E,28.50,2025-06-23 00:00:00
232130-1-9-123,WA003,310726,WA003,101,3005WGUM-3007DRYGUM-3007FO-3007S-3025S-3033A-3035A-9999A-9999C-9999CS-9999E,6.00,2025-06-23 00:00:00
232130-1-9-123,WA007,310726,WA003,101,3005WGUM-3007DRYGUM-3007FO-3007S-3025S-3033A-3035A-9999A-9999C-9999CS-9999E,26.00,2025-06-23 00:00:00
232483-1-4-118,WA001,310774,WA001,102,9999A,13.00,2025-06-23 00:00:00
232665-1-1-102,WA007,310726,WA002,101,3015A-3035A-9999A-9999E,20.00,2025-06-23 00:00:00
232665-1-1-102,WA007,310726,WA002,101,3035A-9999A-9999C-9999E,22.00,2025-06-23 00:00:00
232665-1-1-102,WA007,310726,WA002,101,3035A-9999A-9999E,22.39,2025-06-23 00:00:00
232665-1-1-102,WA007,310726,WA002,101,9999A-9999E,16.00,2025-06-23 00:00:00
232677-1-2-104,ID010,310015,ID002,101,3117A-3123A-9999A-9999E,18.80,2025-06-23 00:00:00
232807-1-3-170,MEX002,310015,ID002,101,3117A-3123A-3132A-9999A-9999E,52.28,2025-06-23 00:00:00
232807-1-3-170,MEX002,310015,ID002,101,3117A-3123A-9999A-9999E,52.55,2025-06-23 00:00:00
232807-1-3-171,MEX002,310015,ID002,101,3117A-3123A-3132A-9999A-9999E,47.69,2025-06-23 00:00:00
232807-1-3-171,MEX002,310015,ID002,101,3117A-3123A-9999A-9999E,47.84,2025-06-23 00:00:00
232869-1-5-126,ID010,310086,ID002,101,3139A-3140A-9999A,38.50,2025-06-23 00:00:00
232893-1-1-101,WA002,310724,WA002,101,3040A-3045A-3053A-3055A-9999A-9999E,39.50,2025-06-23 00:00:00
232893-1-1-101,WA002,310724,WA002,101,3040A-3045A-3053A-9999A-9999E,39.50,2025-06-23 00:00:00
233066-1-1-102,WA007,310726,WA003,101,3002A-3015A-9999A-9999E,19.00,2025-06-23 00:00:00
233066-1-1-102,WA007,310726,WA003,101,3002A-9999A-9999C-9999CS-9999E,20.00,2025-06-23 00:00:00
233066-1-1-102,WA007,310726,WA003,101,3007S-3025S-3033A-3035A-9999A-9999C-9999CS-9999E,17.00,2025-06-23 00:00:00
233229-1-1-101,WA007,310724,WA002,101,3040A-3041A-3043A-3045A-3053A-3055A-9999A-9999C-9999E,27.77,2025-06-23 00:00:00
233229-1-1-101,WA007,310724,WA002,101,3040A-3041A-3043A-3045A-3053A-3055A-9999A-9999E,49.50,2025-06-23 00:00:00
233229-1-1-101,WA007,310724,WA002,101,3040A-3041A-3045A-3053A-3055A-9999A-9999E,12.29,2025-06-23 00:00:00
233296-1-2-104,WA007,310726,WA003,101,3002A-3015A-3025S-3033A-9999A-9999C-9999CS-9999E,27.50,2025-06-23 00:00:00
233296-1-2-104,WA007,310726,WA003,101,3002A-3015A-3025S-3033A-9999A-9999E,27.50,2025-06-23 00:00:00
233296-1-2-104,WA003,310726,WA003,102,9999A,8.00,2025-06-23 00:00:00
233322-1-2-104,WA001,310002,WA001,101,3408A-9999A,12.00,2025-06-23 00:00:00
233322-1-2-104,WA001,310002,WA001,102,9999A,12.42,2025-06-23 00:00:00
233390-1-1-104,WA001,310015,WA001,101,9999A-9999E,14.87,2025-06-23 00:00:00
233417-1-1-101,WA001,310015,WA001,101,9999A-9999E,14.40,2025-06-23 00:00:00
233417-1-1-102,WA001,310015,WA001,101,9999A-9999E,15.00,2025-06-23 00:00:00
233446-1-1-101,WA007,310726,WA002,101,9999A-9999C-9999E,16.00,2025-06-23 00:00:00
233446-1-1-101,WA007,310726,WA002,101,9999A-9999E,19.01,2025-06-23 00:00:00
233510-1-1-116,ID002,310015,ID002,101,3117A-3123A-9999A-9999E,11.73,2025-06-23 00:00:00
233510-1-1-118,ID002,310015,ID002,101,3117A-3123A-9999A-9999E,11.00,2025-06-23 00:00:00
233510-1-1-121,ID002,310015,ID002,101,3117A-3123A-9999A-9999E,10.54,2025-06-23 00:00:00
233510-1-1-128,ID002,310015,ID002,101,3117A-3123A-9999A-9999E,11.00,2025-06-23 00:00:00
233533-1-1-106,ID002,310015,ID002,101,3117A-3123A-9999A-9999E,9.00,2025-06-23 00:00:00
233533-1-1-107,ID002,310015,ID002,101,3117A-3123A-9999A-9999E,11.00,2025-06-23 00:00:00
233533-1-1-108,ID002,310015,ID002,101,3117A-3123A-9999A-9999E,11.00,2025-06-23 00:00:00
233594-1-1-103,ID002,310015,ID002,101,3117A-3123A-9999A-9999E,11.00,2025-06-23 00:00:00
233595-1-1-105,WA002,310726,WA002,101,3035A-9999A-9999C-9999CS-9999E,7.50,2025-06-23 00:00:00
233595-1-1-105,WA002,310726,WA002,101,3035A-9999A-9999C-9999E,7.50,2025-06-23 00:00:00
233595-1-1-105,WA002,310726,WA002,102,9999A,13.00,2025-06-23 00:00:00
EDI143519,WA018,310018,WA001,102,9999A,47.67,2025-06-23 00:00:00
10016800,ID012,310018,WA001,102,9999A,60.50,2025-06-22 00:00:00
10016800,WA018,310018,WA001,102,9999A,47.44,2025-06-22 00:00:00
232128-1-7-130,WA007,310726,WA003,101,3002A-3005WGUM-3007DRYGUM-3007FO-3007S-3025S-3035A-9999A-9999C-9999CS-9999E,32.50,2025-06-21 00:00:00
232128-1-7-130,WA007,310726,WA003,101,3002A-3005WGUM-3007DRYGUM-3007S-3015A-3025S-3033A-3035A-9999A-9999C-9999CS-9999E,32.50,2025-06-21 00:00:00
232128-1-7-130,WA007,310726,WA003,101,3002A-3005WGUM-3007DRYGUM-3007S-3025S-3033A-3035A-9999A-9999C-9999CS-9999E,32.50,2025-06-21 00:00:00
233223-1-1-104,WA007,310726,WA002,101,9999A-9999C-9999E,20.00,2025-06-21 00:00:00
233223-1-1-104,WA007,310726,WA002,101,9999A-9999E,19.67,2025-06-21 00:00:00
10016719,ID012,310018,WA001,102,9999A,57.29,2025-06-20 00:00:00
10016719,WA018,310018,WA001,102,9999A,45.77,2025-06-20 00:00:00
232128-1-7-129,WA007,310726,WA003,101,3002A-3005WGUM-3007DRYGUM-3007FO-3007S-3015A-3025S-3033A-3035A-9999A-9999C-9999CS-9999E,32.40,2025-06-20 00:00:00
232128-1-7-129,WA007,310726,WA003,101,3002A-3005WGUM-3007DRYGUM-3007FO-3007S-3025S-3033A-3035A-9999A-9999C-9999CS-9999E,32.40,2025-06-20 00:00:00
232128-1-7-130,WA007,310726,WA003,101,3002A-3005WGUM-3007DRYGUM-3007FO-3007S-3025S-3035A-9999A-9999C-9999CS-9999E,30.40,2025-06-20 00:00:00
232128-1-7-130,WA007,310726,WA003,101,3002A-3005WGUM-3007DRYGUM-3007S-3025S-3035A-9999A-9999C-9999CS-9999E,30.40,2025-06-20 00:00:00
232128-1-7-130,WA007,310726,WA003,101,3005WGUM-3007DRYGUM-3007FO-3007S-3025S-3033A-3035A-9999A-9999C-9999CS-9999E,24.40,2025-06-20 00:00:00
232130-1-8-121,WA007,310726,WA003,101,3005WGUM-3007DRYGUM-3007FO-3007S-3025S-3033A-3035A-9999A-9999C-9999CS-9999E,22.40,2025-06-20 00:00:00
232130-1-8-122,WA007,310726,WA003,101,3005WGUM-3007DRYGUM-3007FO-3007S-3025S-3033A-3035A-9999A-9999C-9999CS-9999E,22.40,2025-06-20 00:00:00
232701-1-6-123,ID002,310015,ID002,101,3117A-3123A-9999A-9999E,8.00,2025-06-20 00:00:00
232701-1-6-123,ID010,310015,ID002,101,3117A-3123A-9999A-9999E,26.17,2025-06-20 00:00:00
233223-1-1-105,WA002,310726,WA002,101,3015A-9999A-9999E,21.50,2025-06-20 00:00:00
233223-1-1-105,WA007,310726,WA002,101,3015A-9999A-9999E,19.02,2025-06-20 00:00:00
233223-1-1-105,WA007,310726,WA002,101,9999A-9999C-9999E,18.50,2025-06-20 00:00:00
233223-1-1-105,WA007,310726,WA002,101,9999A-9999E,17.50,2025-06-20 00:00:00
233239-1-1-102,WA007,310724,WA002,101,3040A-3045A-3053A-3055A-9999A-9999C-9999E,20.40,2025-06-20 00:00:00
233239-1-1-102,WA007,310724,WA002,101,3040A-3045A-3053A-3055A-9999A-9999E,20.40,2025-06-20 00:00:00
233239-1-1-102,WA007,310724,WA002,101,3040A-3045A-3053A-9999A-9999E,22.37,2025-06-20 00:00:00
233241-1-1-102,WA007,310726,WA003,101,3002A-3007S-3025S-3035A-9999A-9999C-9999CS-9999E,27.40,2025-06-20 00:00:00
233241-1-1-102,WA007,310726,WA003,101,3002A-3025S-3033A-9999A-9999C-9999CS-9999E,23.67,2025-06-20 00:00:00
233241-1-1-102,WA007,310726,WA003,101,3007S-3025S-3033A-3035A-9999A-9999C-9999CS-9999E,19.40,2025-06-20 00:00:00
233241-1-1-102,WA007,310726,WA003,101,3007S-3025S-3033A-3035A-9999A-9999E,20.40,2025-06-20 00:00:00
233265-1-1-102,WA007,310726,WA003,101,3002A-3015A-9999A-9999C-9999CS-9999E,18.50,2025-06-20 00:00:00
233265-1-1-102,WA007,310726,WA003,101,3002A-9999A-9999C-9999CS-9999E,18.50,2025-06-20 00:00:00
233322-1-1-102,WA001,310002,WA001,101,3405A-9999A-9999E,13.83,2025-06-20 00:00:00
233322-1-1-102,WA001,310002,WA001,102,9999A,13.94,2025-06-20 00:00:00
233382-1-1-119,WA002,310726,WA002,102,9999A,8.00,2025-06-20 00:00:00
233382-1-1-119,WA007,310726,WA002,102,9999A,25.40,2025-06-20 00:00:00
233382-1-1-120,WA007,310726,WA002,102,9999A,25.40,2025-06-20 00:00:00
233390-1-1-103,WA001,310015,WA001,101,9999A-9999E,14.10,2025-06-20 00:00:00
233509-1-1-103,ID010,310724,ID002,101,3040A-3043A-3053A-3055A-9999A-9999E,25.54,2025-06-20 00:00:00
233509-1-1-103,ID010,310724,ID002,101,3040A-3053A-9999A-9999E,25.40,2025-06-20 00:00:00
233510-1-1-126,ID002,310015,ID002,101,3117A-3123A-9999A-9999E,9.50,2025-06-20 00:00:00
233510-1-1-127,ID002,310015,ID002,101,3117A-3123A-9999A-9999E,10.43,2025-06-20 00:00:00
233533-1-1-103,ID002,310015,ID002,101,3117A-3123A-9999A-9999E,9.97,2025-06-20 00:00:00
233533-1-1-104,ID002,310015,ID002,101,3117A-3123A-9999A-9999E,10.50,2025-06-20 00:00:00
233533-1-1-105,ID002,310015,ID002,101,3117A-3123A-9999A-9999E,9.50,2025-06-20 00:00:00
233538-1-1-101,ID010,310086,ID002,101,3139A-3140A-9999A,47.72,2025-06-20 00:00:00
233595-1-1-102,WA002,310726,WA002,101,3015A-9999A-9999E,12.50,2025-06-20 00:00:00
233595-1-1-102,WA002,310726,WA002,101,9999A-9999E,12.50,2025-06-20 00:00:00
233595-1-1-103,WA002,310726,WA002,101,9999A-9999E,12.50,2025-06-20 00:00:00
233595-1-1-103,WA002,310726,WA002,102,9999A,11.50,2025-06-20 00:00:00
233595-1-1-104,WA002,310726,WA002,102,9999A,11.50,2025-06-20 00:00:00
231741-1-5-109,WA001,310015,WA001,101,9999A-9999E,13.00,2025-06-19 00:00:00
231741-1-5-109,WA001,310015,WA001,102,9999A,15.00,2025-06-19 00:00:00
232807-1-3-168,MEX002,310015,ID002,101,3117A-3123A-3132A-9999A-9999E,51.87,2025-06-19 00:00:00
232807-1-3-168,MEX002,310015,ID002,101,3117A-3123A-9999A-9999E,51.68,2025-06-19 00:00:00
232807-1-3-169,MEX002,310015,ID002,101,3117A-3123A-9999A-9999E,66.20,2025-06-19 00:00:00
233175-1-1-103,WA001,310018,WA001,102,9999A,76.10,2025-06-19 00:00:00
233236-1-1-105,WA007,310726,WA003,101,3002A-3007S-3015A-3025S-3033A-3035A-9999A-9999C-9999CS-9999E,18.00,2025-06-19 00:00:00
233236-1-1-105,WA007,310726,WA003,101,3002A-3007S-3015A-3025S-3033A-3035A-9999A-9999E,17.80,2025-06-19 00:00:00
233236-1-1-105,WA007,310726,WA003,101,3002A-3007S-3015A-3025S-3035A-9999A-9999C-9999CS-9999E,19.00,2025-06-19 00:00:00
233236-1-1-105,WA007,310726,WA003,101,3002A-3007S-3025S-3033A-3035A-9999A-9999E,12.00,2025-06-19 00:00:00
233236-1-1-105,WA007,310726,WA003,101,3002A-9999A-9999E,15.80,2025-06-19 00:00:00
233236-1-1-105,WA007,310726,WA003,101,3005WGUM-3025S-3035A-9999A-9999C-9999CS-9999E,14.00,2025-06-19 00:00:00
233236-1-1-105,WA007,310726,WA003,101,3007S-3025S-3033A-3035A-9999A-9999C-9999CS-9999E,16.00,2025-06-19 00:00:00
233236-1-1-105,WA007,310726,WA003,101,3015A-9999A-9999E,12.82,2025-06-19 00:00:00
233236-1-1-105,WA007,310726,WA003,101,3025S-3033A-3035A-9999A-9999C-9999CS-9999E,16.00,2025-06-19 00:00:00
233236-1-1-105,WA007,310726,WA003,101,3025S-3033A-9999A-9999E,17.00,2025-06-19 00:00:00
233236-1-1-105,WA007,310726,WA003,101,3025S-9999A-9999C-9999CS-9999E,16.00,2025-06-19 00:00:00
233236-1-1-105,WA007,310726,WA003,101,9999A-9999C-9999CS-9999E,16.00,2025-06-19 00:00:00
233236-1-1-105,WA007,310726,WA003,101,9999A-9999E,14.06,2025-06-19 00:00:00
233239-1-1-102,WA007,310724,WA002,101,3040A-3043A-3045A-3053A-3055A-9999A-9999E,17.50,2025-06-19 00:00:00
233239-1-1-102,WA007,310724,WA002,101,3040A-3045A-3053A-3055A-9999A-9999E,19.17,2025-06-19 00:00:00
233239-1-1-102,WA007,310724,WA002,101,3040A-3045A-3053A-9999A-9999E,18.65,2025-06-19 00:00:00
233241-1-1-102,WA007,310726,WA003,101,3002A-3005WGUM-3007DRYGUM-3007FO-3007S-3015A-3025S-3033A-3035A-9999A-9999C-9999CS-9999E,42.37,2025-06-19 00:00:00
233241-1-1-102,WA007,310726,WA003,101,3002A-3005WGUM-3007DRYGUM-3007S-3015A-3025S-3033A-3035A-9999A-9999C-9999CS-9999E,41.50,2025-06-19 00:00:00
233241-1-1-102,WA007,310726,WA003,101,3005WGUM-3007DRYGUM-3007FO-3007S-3025S-3033A-3035A-9999A-9999C-9999CS-9999E,40.50,2025-06-19 00:00:00
233258-1-1-102,WA007,310726,WA003,101,3002A-3007S-3015A-3025S-3033A-3035A-9999A-9999C-9999CS-9999E,17.00,2025-06-19 00:00:00
233258-1-1-102,WA007,310726,WA003,101,3002A-3007S-3025S-3033A-3035A-9999A-9999C-9999CS-9999E,17.00,2025-06-19 00:00:00
233258-1-1-102,WA007,310726,WA003,101,3007S-3025S-3033A-3035A-9999A-9999C-9999CS-9999E,16.00,2025-06-19 00:00:00
233322-1-1-102,WA001,310002,WA001,101,3405A-9999A-9999E,14.67,2025-06-19 00:00:00
233322-1-1-102,WA001,310002,WA001,102,9999A,16.32,2025-06-19 00:00:00
233378-1-1-103,WA001,310015,WA001,101,9999A-9999E,14.00,2025-06-19 00:00:00
233378-1-1-103,WA001,310015,WA001,102,9999A,14.00,2025-06-19 00:00:00
233382-1-1-117,WA007,310726,WA002,102,9999A,22.50,2025-06-19 00:00:00
233382-1-1-118,WA007,310726,WA002,102,9999A,22.50,2025-06-19 00:00:00
233390-1-1-102,WA001,310015,WA001,101,9999A-9999E,14.00,2025-06-19 00:00:00
233527-1-1-125,ID002,310015,ID002,101,3117A-3123A-9999A-9999E,11.73,2025-06-19 00:00:00
233533-1-1-101,ID002,310015,ID002,101,3117A-3123A-9999A-9999E,10.00,2025-06-19 00:00:00
233533-1-1-102,ID002,310015,ID002,101,3117A-3123A-9999A-9999E,10.40,2025-06-19 00:00:00
233595-1-1-101,WA002,310726,WA002,101,3015A-9999A-9999E,12.00,2025-06-19 00:00:00
233595-1-1-101,WA002,310726,WA002,101,9999A-9999E,12.00,2025-06-19 00:00:00
233595-1-1-101,WA002,310726,WA002,102,9999A,11.50,2025-06-19 00:00:00
EDI143110,ID012,310018,WA001,102,9999A,56.00,2025-06-19 00:00:00
EDI143110,WA018,310018,WA001,102,9999A,60.30,2025-06-19 00:00:00
232807-1-3-166,MEX002,310015,ID002,101,3117A-3123A-9999A-9999E,52.50,2025-06-18 00:00:00
232807-1-3-167,MEX002,310015,ID002,101,3117A-3123A-9999A,103.80,2025-06-18 00:00:00
232807-1-3-167,MEX002,310015,ID002,101,3117A-3123A-9999A-9999E,52.50,2025-06-18 00:00:00
233223-1-1-101,WA007,310726,WA002,101,3015A-9999A-9999E,19.00,2025-06-18 00:00:00
233223-1-1-101,WA007,310726,WA002,101,9999A-9999C-9999E,24.00,2025-06-18 00:00:00
233319-1-1-101,ID002,310015,ID002,101,3117A-3123A-9999A-9999E,7.67,2025-06-18 00:00:00
233319-1-1-101,ID010,310015,ID002,101,3117A-3123A-9999A-9999E,27.50,2025-06-18 00:00:00
233319-1-1-101,WA007,310015,ID002,101,3117A-3123A-9999A-9999E,26.50,2025-06-18 00:00:00
233319-1-1-101,ID010,310015,ID002,101,9999A-9999E,23.50,2025-06-18 00:00:00
233322-1-1-102,WA001,310002,WA001,102,9999A,8.65,2025-06-18 00:00:00
233397-1-1-109,WA007,310726,WA002,101,9999A-9999C,106.00,2025-06-18 00:00:00
233397-1-1-109,WA007,310726,WA002,101,9999A-9999C-9999CS,106.00,2025-06-18 00:00:00
233397-1-1-110,WA007,310726,WA002,101,3035A-9999A-9999E,106.00,2025-06-18 00:00:00
233397-1-1-110,WA007,310726,WA002,101,9999A-9999C-9999CS,106.00,2025-06-18 00:00:00
233397-1-1-110,WA007,310726,WA002,101,9999A-9999E,106.00,2025-06-18 00:00:00
EDI142710,ID012,310018,WA001,102,9999A,56.00,2025-06-18 00:00:00
EDI142710,WA018,310018,WA001,102,9999A,44.17,2025-06-18 00:00:00
EDI143000,WA018,310015,WA002,101,3117A-3123A-9999A-9999E,102.29,2025-06-18 00:00:00
232128-1-7-129,WA007,310726,WA003,101,3002A-3005WGUM-3007DRYGUM-3007FO-3007S-3015A-3025S-3033A-3035A-9999A-9999C-9999CS-9999E,25.00,2025-06-17 00:00:00
232128-1-7-129,WA007,310726,WA003,101,3002A-3005WGUM-3007DRYGUM-3007FO-3007S-3025S-3033A-3035A-9999A-9999C-9999CS-9999E,25.00,2025-06-17 00:00:00
232128-1-7-129,WA007,310726,WA003,101,3002A-3007DRYGUM-3007FO-3007S-3025S-3033A-3035A-9999A-9999C-9999CS-9999E,24.00,2025-06-17 00:00:00
232128-1-7-130,WA007,310726,WA003,101,3002A-3005WGUM-3007DRYGUM-3007FO-3007S-3015A-3025S-3033A-3035A-9999A-9999C-9999CS-9999E,24.00,2025-06-17 00:00:00
232128-1-7-130,WA007,310726,WA003,101,3002A-3005WGUM-3007DRYGUM-3007FO-3007S-3025S-3033A-3035A-9999A-9999C-9999CS-9999E,24.00,2025-06-17 00:00:00
232128-1-7-131,WA007,310726,WA003,101,3002A-3005WGUM-3007DRYGUM-3007FO-3007S-3015A-3025S-3033A-3035A-9999A-9999C-9999CS-9999E,16.00,2025-06-17 00:00:00
232128-1-7-131,WA007,310726,WA003,101,3002A-3005WGUM-3007DRYGUM-3007FO-3007S-3025S-3035A-9999A-9999C-9999CS-9999E,16.00,2025-06-17 00:00:00
232128-1-7-131,WA007,310726,WA003,101,3005WGUM-3007DRYGUM-3007FO-3007S-3025S-3033A-3035A-9999A-9999C-9999CS-9999E,16.50,2025-06-17 00:00:00
232807-1-2-164,MEX002,310015,ID002,101,3117A-3123A-3132A-9999A-9999E,53.50,2025-06-17 00:00:00
232807-1-2-164,MEX002,310015,ID002,101,3117A-3123A-9999A-9999E,53.17,2025-06-17 00:00:00
232807-1-3-165,MEX002,310015,ID002,101,3117A-3123A-9999A-9999E,52.50,2025-06-17 00:00:00
232869-1-5-123,ID010,310086,ID002,101,3139A-3140A-9999A,38.37,2025-06-17 00:00:00
232869-1-5-124,ID010,310086,ID002,101,3139A-3140A-9999A,28.74,2025-06-17 00:00:00
232869-1-5-125,ID010,310086,ID002,101,3139A-3140A-9999A,28.12,2025-06-17 00:00:00
232869-1-5-125,ID010,310086,ID002,101,3140A-9999A,39.00,2025-06-17 00:00:00
233245-1-1-101,ID010,310015,ID002,101,3117A-3117A-3123A-3123A-9999A-9999E-9999A-9999E,24.50,2025-06-17 00:00:00
233245-1-1-101,ID002,310015,ID002,101,3117A-3123A-9999A-9999E,8.00,2025-06-17 00:00:00
233270-1-1-101,WA001,310002,WA001,102,9999A,10.40,2025-06-17 00:00:00
233296-1-2-103,WA007,310726,WA002,101,9999A-9999C-9999E,16.33,2025-06-17 00:00:00
233296-1-2-103,WA007,310726,WA002,101,9999A-9999E,16.00,2025-06-17 00:00:00
233319-1-1-101,ID002,310015,ID002,101,3117A-3123A-9999A-9999E,7.36,2025-06-17 00:00:00
233397-1-1-107,WA007,310726,WA002,101,9999A-9999C,107.00,2025-06-17 00:00:00
233397-1-1-107,WA007,310726,WA002,102,9999A,107.00,2025-06-17 00:00:00
233397-1-1-108,WA007,310726,WA002,101,9999A-9999C,106.80,2025-06-17 00:00:00
233397-1-1-108,WA007,310726,WA002,102,9999A,107.00,2025-06-17 00:00:00
233509-1-1-102,ID010,310724,ID002,101,3040A-3043A-3053A-3055A-9999A-9999E,19.00,2025-06-17 00:00:00
233509-1-1-102,ID010,310724,ID002,101,3040A-3043A-3053A-9999A-9999E,19.00,2025-06-17 00:00:00
233511-1-1-105,ID010,310086,ID002,101,3139A-3140A-9999A,46.58,2025-06-17 00:00:00
EDI143086,WA018,310015,WA002,101,3117A-3123A-9999A-9999E,90.00,2025-06-17 00:00:00
232664-1-1-101,WA007,310726,WA002,101,3015A-9999A-9999E,19.00,2025-06-16 00:00:00
232664-1-1-101,WA007,310726,WA002,101,3035A-9999A-9999C-9999E,20.00,2025-06-16 00:00:00
232664-1-1-101,WA007,310726,WA002,101,3035A-9999A-9999E,20.08,2025-06-16 00:00:00
232664-1-1-101,WA007,310726,WA002,101,9999A-9999E,20.00,2025-06-16 00:00:00
232807-1-2-162,MEX002,310015,ID002,101,3117A-3123A-9999A-9999E,53.17,2025-06-16 00:00:00
232807-1-2-163,MEX002,310015,ID002,101,3117A-3123A-3132A-9999A-9999E,53.50,2025-06-16 00:00:00
232807-1-2-163,MEX002,310015,ID002,101,3117A-3123A-9999A-9999E,53.50,2025-06-16 00:00:00
233089-1-3-114,TX001,310015,ID002,101,3117A-3123A-3132A-9999A-9999E,35.00,2025-06-16 00:00:00
233089-1-3-114,TX001,310015,ID002,101,3117A-3123A-9999A-9999E,24.00,2025-06-16 00:00:00
233089-1-3-114,TX001,310015,ID002,101,3132A,37.00,2025-06-16 00:00:00
233089-1-3-115,TX001,310015,ID002,101,3117A-3123A-9999A-9999E,60.00,2025-06-16 00:00:00
233089-1-3-115,TX001,310015,ID002,101,3132A,62.00,2025-06-16 00:00:00
233223-1-1-101,WA007,310726,WA002,101,3015A-9999A-9999E,19.00,2025-06-16 00:00:00
233223-1-1-101,WA007,310726,WA002,101,9999A-9999C-9999E,17.00,2025-06-16 00:00:00
233223-1-1-101,WA007,310726,WA002,101,9999A-9999E,17.00,2025-06-16 00:00:00
233296-1-2-103,WA007,310726,WA002,101,3035A-9999A-9999C-9999E,16.00,2025-06-16 00:00:00
233296-1-2-103,WA007,310726,WA002,101,9999A-9999E,16.00,2025-06-16 00:00:00
233509-1-1-101,ID010,310724,ID002,101,3040A-3043A-3053A-9999A-9999E,19.00,2025-06-16 00:00:00
232664-1-1-101,WA002,310726,WA002,101,3015A-3035A-9999A-9999E,9.00,2025-06-14 00:00:00
232664-1-1-101,WA007,310726,WA002,101,3015A-3035A-9999A-9999E,22.00,2025-06-14 00:00:00
232664-1-1-101,WA007,310726,WA002,101,3015A-9999A-9999E,19.00,2025-06-14 00:00:00
232664-1-1-101,WA002,310726,WA002,101,3035A-9999A,9.00,2025-06-14 00:00:00
232664-1-1-101,WA007,310726,WA002,101,3035A-9999A,22.00,2025-06-14 00:00:00
232664-1-1-101,WA002,310726,WA002,101,3035A-9999A-9999E,8.00,2025-06-14 00:00:00
232664-1-1-101,WA007,310726,WA002,101,3035A-9999A-9999E,21.64,2025-06-14 00:00:00
232664-1-1-101,WA007,310726,WA002,101,9999A-9999C-9999CS-9999E,16.00,2025-06-14 00:00:00
232664-1-1-101,WA007,310726,WA002,101,9999A-9999E,16.00,2025-06-14 00:00:00
233118-1-2-102,WA007,310726,WA002,101,3015A-9999A-9999C-9999CS-9999E,22.00,2025-06-14 00:00:00
233118-1-2-102,WA007,310726,WA002,101,3015A-9999A-9999E,22.00,2025-06-14 00:00:00
233118-1-2-102,WA007,310726,WA002,101,9999A-9999C-9999E,23.45,2025-06-14 00:00:00
233118-1-2-102,WA007,310726,WA002,101,9999A-9999E,23.00,2025-06-14 00:00:00
233118-1-2-102,WA007,310726,WA002,102,9999A,18.00,2025-06-14 00:00:00
233263-1-1-102,WA007,310726,WA003,101,9999A-9999C-9999CS-9999E,22.50,2025-06-14 00:00:00
232381-1-3-103,WA007,310726,WA003,101,3002A-3007S-3015A-3025S-3035A-9999A-9999C-9999CS-9999E,20.08,2025-06-13 00:00:00
232381-1-3-103,WA007,310726,WA003,101,3002A-3007S-3025S-3035A-9999A-9999C-9999CS-9999E,20.00,2025-06-13 00:00:00
232381-1-3-103,WA007,310726,WA003,101,3002A-3025S-3033A-3035A-9999A-9999C-9999CS-9999E,16.00,2025-06-13 00:00:00
232381-1-3-103,WA007,310726,WA003,101,3002A-3025S-9999A-9999E,13.40,2025-06-13 00:00:00
232381-1-3-103,WA007,310726,WA003,101,3025S-3033A-3035A-9999A-9999C-9999CS-9999E,15.00,2025-06-13 00:00:00
232381-1-3-103,WA007,310726,WA003,101,3025S-9999A-9999E,10.00,2025-06-13 00:00:00
232381-1-3-103,WA007,310726,WA003,102,9999A,29.00,2025-06-13 00:00:00
232501-1-6-123,ID002,310015,ID002,101,3117A-3123A-9999A-9999E,11.50,2025-06-13 00:00:00
232501-1-6-123,ID010,310015,ID002,101,3117A-3123A-9999A-9999E,13.00,2025-06-13 00:00:00
232664-1-1-101,WA007,310726,WA002,101,3035A-9999A-9999E,21.00,2025-06-13 00:00:00
232869-1-5-121,ID010,310086,ID002,101,3139A-3140A-9999A,42.35,2025-06-13 00:00:00
232869-1-5-121,ID010,310086,ID002,101,3140A,90.00,2025-06-13 00:00:00
233118-1-2-102,WA002,310726,WA002,101,3015A-9999A-9999C-9999E,9.00,2025-06-13 00:00:00
233118-1-2-102,WA007,310726,WA002,101,3015A-9999A-9999C-9999E,22.00,2025-06-13 00:00:00
233118-1-2-102,WA007,310726,WA002,101,3015A-9999A-9999E,22.00,2025-06-13 00:00:00
233118-1-2-102,WA007,310726,WA002,101,9999A-9999C-9999E,22.00,2025-06-13 00:00:00
233232-1-1-104,WA007,310724,WA002,101,3040A-3043A-3045A-3053A-9999A-9999C-9999E,13.00,2025-06-13 00:00:00
233232-1-1-104,WA007,310724,WA002,101,3040A-3043A-3045A-3053A-9999A-9999E,13.00,2025-06-13 00:00:00
233232-1-1-104,WA007,310724,WA002,101,3040A-3045A-3053A-3055A-9999A-9999E,14.00,2025-06-13 00:00:00
233232-1-1-104,WA007,310724,WA002,101,3040A-3045A-3053A-9999A-9999E,13.33,2025-06-13 00:00:00
233236-1-1-103,WA003,310726,WA003,101,3002A-3007S-3015A-3025S-3033A-3035A-9999A-9999E,8.00,2025-06-13 00:00:00
233236-1-1-103,WA003,310726,WA003,101,3025S-9999A-9999C-9999CS-9999E,6.00,2025-06-13 00:00:00
233236-1-1-103,WA003,310726,WA003,101,9999A-9999C-9999CS-9999E,6.00,2025-06-13 00:00:00
233263-1-1-102,WA003,310726,WA003,101,3007S-3025S-3033A-3035A-9999A-9999E,6.00,2025-06-13 00:00:00
233509-1-1-104,ID010,310724,ID002,101,3040A-3043A-3053A-3055A-9999A-9999E,21.00,2025-06-13 00:00:00
233509-1-1-105,ID010,310724,ID002,101,3040A-3043A-3053A-3055A-9999A-9999E,21.00,2025-06-13 00:00:00
233509-1-1-105,ID010,310724,ID002,101,3040A-3043A-3053A-9999A-9999E,21.00,2025-06-13 00:00:00
233509-1-1-106,ID010,310724,ID002,101,3040A-3043A-3053A-3055A-9999A-9999E,21.00,2025-06-13 00:00:00
233509-1-1-106,ID010,310724,ID002,101,3040A-3043A-3053A-9999A-9999E,21.00,2025-06-13 00:00:00
233509-1-1-107,ID010,310724,ID002,101,3040A-3043A-3053A-3055A-9999A-9999E,21.00,2025-06-13 00:00:00
233509-1-1-107,ID010,310724,ID002,101,3040A-3043A-3053A-9999A-9999E,21.00,2025-06-13 00:00:00
233509-1-1-107,ID010,310724,ID002,101,3040A-3053A-9999A-9999E,21.00,2025-06-13 00:00:00
233509-1-1-108,ID010,310724,ID002,101,3040A-3043A-3053A-3055A-9999A-9999E,20.67,2025-06-13 00:00:00
233509-1-1-108,ID010,310724,ID002,101,3040A-3043A-3053A-9999A-9999E,21.00,2025-06-13 00:00:00
233509-1-1-109,ID010,310724,ID002,101,3040A-3043A-3053A-3055A-9999A-9999E,20.00,2025-06-13 00:00:00
233509-1-1-110,ID010,310724,ID002,101,3040A-3043A-3053A-3055A-9999A-9999E,20.00,2025-06-13 00:00:00
233509-1-1-111,ID010,310724,ID002,101,3040A-3043A-3053A-3055A-9999A-9999E,20.00,2025-06-13 00:00:00
233509-1-1-111,ID010,310724,ID002,101,3040A-3043A-3053A-9999A-9999E,20.00,2025-06-13 00:00:00
233509-1-1-112,ID010,310724,ID002,101,3040A-3043A-3053A-3055A-9999A-9999E,17.00,2025-06-13 00:00:00
233509-1-1-112,ID010,310724,ID002,101,3040A-3043A-3053A-9999A-9999E,17.00,2025-06-13 00:00:00
233509-1-1-113,ID010,310724,ID002,101,3040A-3043A-3053A-3055A-9999A-9999E,20.00,2025-06-13 00:00:00
233509-1-1-114,ID010,310724,ID002,101,3040A-3043A-3053A-3055A-9999A-9999E,19.80,2025-06-13 00:00:00
233509-1-1-115,ID010,310724,ID002,101,3040A-3043A-3053A-3055A-9999A-9999E,19.00,2025-06-13 00:00:00
233509-1-1-116,ID010,310724,ID002,101,3040A-3043A-3053A-3055A-9999A-9999E,19.00,2025-06-13 00:00:00
233509-1-1-117,ID010,310724,ID002,101,3040A-3043A-3053A-3055A-9999A-9999E,19.00,2025-06-13 00:00:00
233509-1-1-118,ID010,310724,ID002,101,3040A-3043A-3053A-3055A-9999A-9999E,19.00,2025-06-13 00:00:00
233509-1-1-119,ID010,310724,ID002,101,3040A-3043A-3053A-3055A-9999A-9999E,19.00,2025-06-13 00:00:00
233509-1-1-120,ID010,310724,ID002,101,3040A-3043A-3053A-3055A-9999A-9999E,19.00,2025-06-13 00:00:00
233511-1-1-104,ID010,310086,ID002,101,3139A-3140A-9999A,53.00,2025-06-13 00:00:00
233528-1-1-101,TX001,310015,ID002,101,3117A-3123A-3132A-9999A-9999E,60.00,2025-06-13 00:00:00
233528-1-1-101,TX001,310015,ID002,101,3117A-3123A-9999A-9999E,60.00,2025-06-13 00:00:00
233528-1-1-102,TX001,310015,ID002,101,3117A-3123A-3132A-9999A-9999E,60.00,2025-06-13 00:00:00
233528-1-1-102,TX001,310015,ID002,101,3117A-3123A-9999A-9999E,60.00,2025-06-13 00:00:00
233528-1-1-103,TX001,310015,ID002,101,3117A-3123A-9999A-9999E,53.86,2025-06-13 00:00:00
233528-1-1-104,TX001,310015,ID002,101,3117A-3123A-3132A-9999A-9999E,53.00,2025-06-13 00:00:00
233528-1-1-104,TX001,310015,ID002,101,3117A-3123A-9999A-9999E,53.00,2025-06-13 00:00:00
232501-1-6-124,ID002,310015,ID002,101,3117A-3123A-9999A-9999E,11.50,2025-06-12 00:00:00
232501-1-6-124,ID010,310015,ID002,101,3117A-3123A-9999A-9999E,13.00,2025-06-12 00:00:00
232701-1-6-122,ID002,310015,ID002,101,3117A-3123A-9999A-9999E,8.00,2025-06-12 00:00:00
232869-1-5-122,ID010,310086,ID002,101,3139A-3140A-9999A,39.00,2025-06-12 00:00:00
232869-1-5-122,ID010,310086,ID002,101,3140A-9999A,58.00,2025-06-12 00:00:00
233089-1-3-113,TX001,310015,ID002,101,3132A,37.71,2025-06-12 00:00:00
233119-1-2-102,WA001,310002,WA001,102,9999A,7.92,2025-06-12 00:00:00
233232-1-1-102,WA007,310724,WA002,101,3040A-3045A-3053A-9999A-9999E,29.00,2025-06-12 00:00:00
233232-1-1-104,WA007,310724,WA002,101,3040A-3043A-3045A-3053A-3055A-9999A-9999E,14.00,2025-06-12 00:00:00
233232-1-1-104,WA007,310724,WA002,101,3040A-3043A-3045A-3053A-9999A-9999E,14.00,2025-06-12 00:00:00
233232-1-1-104,WA007,310724,WA002,101,3040A-3045A-3053A-3055A-9999A-9999E,14.00,2025-06-12 00:00:00
233232-1-1-104,WA007,310724,WA002,101,3040A-3045A-3053A-9999A-9999E,14.00,2025-06-12 00:00:00
233232-1-1-105,WA007,310724,WA002,101,3040A-3043A-3045A-3053A-3055A-9999A-9999C-9999E,19.00,2025-06-12 00:00:00
233232-1-1-105,WA007,310724,WA002,101,3040A-3043A-3045A-3053A-3055A-9999A-9999E,22.92,2025-06-12 00:00:00
233232-1-1-105,WA007,310724,WA002,101,3040A-3045A-3053A-9999A-9999E,26.00,2025-06-12 00:00:00
233236-1-1-103,WA003,310726,WA003,101,"",8.00,2025-06-12 00:00:00
233236-1-1-103,WA003,310726,WA003,101,3007S-3025S-3033A-3035A-9999A-9999C-9999CS-9999E,6.00,2025-06-12 00:00:00
233236-1-1-103,WA003,310726,WA003,101,3007S-3025S-3035A-9999A-9999C-9999CS-9999E,6.00,2025-06-12 00:00:00
233236-1-1-103,WA003,310726,WA003,101,3025S-9999A-9999C-9999CS-9999E,6.00,2025-06-12 00:00:00
233236-1-1-103,WA003,310726,WA003,102,9999A,8.00,2025-06-12 00:00:00
233364-1-1-102,WA001,310002,WA001,102,9999A,8.57,2025-06-12 00:00:00
233507-1-1-101,MEX002,310015,ID002,101,3117A-3123A-9999A-9999E,76.50,2025-06-12 00:00:00
233507-1-1-101,MEX002,310015,ID002,101,3117A-9999A,76.50,2025-06-12 00:00:00
233529-1-2-102,MEX002,310015,ID002,101,3117A-3123A-9999A,86.14,2025-06-12 00:00:00
233529-1-2-102,MEX002,310015,ID002,101,3117A-3123A-9999A-9999A,77.00,2025-06-12 00:00:00
233529-1-2-102,MEX002,310015,ID002,101,3117A-3123A-9999A-9999E,84.89,2025-06-12 00:00:00
233529-1-2-102,MEX002,310015,ID002,101,3117A-9999A,93.29,2025-06-12 00:00:00
233534-1-1-101,TX001,310015,ID002,101,3117A-3123A-9999A-9999E,59.00,2025-06-12 00:00:00
EDI142455,ID012,310018,WA001,102,9999A,56.00,2025-06-12 00:00:00
EDI142455,WA018,310018,WA001,102,9999A,44.17,2025-06-12 00:00:00
232483-1-4-114,WA001,310774,WA001,102,9999A,23.00,2025-06-11 00:00:00
232501-1-6-121,ID002,310015,ID002,101,3117A-3123A-9999A-9999E,11.50,2025-06-11 00:00:00
232501-1-6-121,ID010,310015,ID002,101,3117A-3123A-9999A-9999E,13.52,2025-06-11 00:00:00
232501-1-6-122,ID002,310015,ID002,101,3117A-3117A-3123A-3123A-9999A-9999E-9999A-9999E,11.50,2025-06-11 00:00:00
232501-1-6-122,ID010,310015,ID002,101,3117A-3117A-3123A-3123A-9999A-9999E-9999A-9999E,13.00,2025-06-11 00:00:00
232501-1-6-122,ID002,310015,ID002,101,3117A-3123A-9999A-9999E,11.50,2025-06-11 00:00:00
232501-1-6-122,ID010,310015,ID002,101,3117A-3123A-9999A-9999E,13.00,2025-06-11 00:00:00
232501-1-6-122,ID002,310015,ID002,101,3117A-3123A-9999A-9999E-9999A-9999E,11.50,2025-06-11 00:00:00
232501-1-6-122,ID010,310015,ID002,101,3117A-3123A-9999A-9999E-9999A-9999E,13.00,2025-06-11 00:00:00
232807-1-2-160,MEX002,310015,ID002,101,3117A-3123A-9999A-9999E,76.50,2025-06-11 00:00:00
232807-1-2-161,MEX002,310015,ID002,101,3117A-3123A-9999A-9999E,76.50,2025-06-11 00:00:00
233232-1-1-102,WA007,310724,WA002,101,3040A-3043A-3045A-3053A-3055A-9999A-9999C-9999E,27.00,2025-06-11 00:00:00
233232-1-1-102,WA007,310724,WA002,101,3040A-3043A-3045A-3053A-3055A-9999A-9999E,26.65,2025-06-11 00:00:00
233232-1-1-102,WA007,310724,WA002,101,3040A-3045A-3053A-3055A-9999A-9999E,27.00,2025-06-11 00:00:00
233232-1-1-102,WA007,310724,WA002,101,3040A-3045A-3053A-9999A-9999E,28.26,2025-06-11 00:00:00
233232-1-1-104,WA007,310724,WA002,101,3040A-3043A-3045A-3053A-3055A-9999A-9999C-9999E,15.00,2025-06-11 00:00:00
233232-1-1-104,WA007,310724,WA002,101,3040A-3043A-3045A-3053A-3055A-9999A-9999E,14.36,2025-06-11 00:00:00
233232-1-1-104,WA007,310724,WA002,101,3040A-3045A-3053A-3055A-9999A-9999C-9999E,14.00,2025-06-11 00:00:00
233232-1-1-104,WA007,310724,WA002,101,3040A-3045A-3053A-3055A-9999A-9999E,14.33,2025-06-11 00:00:00
233232-1-1-104,WA007,310724,WA002,101,3040A-3045A-3053A-9999A-9999E,14.67,2025-06-11 00:00:00
233258-1-1-101,WA007,310726,WA003,101,3007S-3025S-3033A-3035A-9999A-9999E,11.00,2025-06-11 00:00:00
233258-1-1-103,WA003,310726,WA003,101,3007S-3025S-3033A-3035A-9999A-9999E,6.00,2025-06-11 00:00:00
233258-1-1-103,WA003,310726,WA003,101,3007S-3025S-9999A-9999E,8.50,2025-06-11 00:00:00
233352-1-1-101,WA001,310002,WA001,102,9999A,14.44,2025-06-11 00:00:00
233364-1-1-102,WA001,310002,WA001,102,9999A,15.00,2025-06-11 00:00:00
233534-1-1-102,TX001,310015,ID002,101,3117A-3123A-3132A-9999A-9999E,52.00,2025-06-11 00:00:00
233534-1-1-102,TX001,310015,ID002,101,3117A-3123A-9999A-9999E,52.00,2025-06-11 00:00:00
233534-1-1-103,TX001,310015,ID002,101,3117A-3123A-3132A-9999A-9999E,52.00,2025-06-11 00:00:00
233534-1-1-103,TX001,310015,ID002,101,3117A-3123A-9999A-9999E,25.12,2025-06-11 00:00:00
232483-1-4-115,WA001,310774,WA001,102,9999A,33.42,2025-06-10 00:00:00
232935-1-3-103,WA007,310724,WA002,101,3040A-3043A-3045A-3053A-3055A-9999A-9999C-9999E,41.00,2025-06-10 00:00:00
232935-1-3-103,WA007,310724,WA002,101,3040A-3043A-3045A-3053A-3055A-9999A-9999E,41.00,2025-06-10 00:00:00
232935-1-3-103,WA007,310724,WA002,101,3040A-3045A-3053A-3055A-9999A-9999C-9999E,41.00,2025-06-10 00:00:00
232935-1-3-103,WA007,310724,WA002,101,3040A-3045A-3053A-3055A-9999A-9999E,41.00,2025-06-10 00:00:00
233232-1-1-102,WA007,310724,WA002,101,3040A-3043A-3045A-3053A-3055A-9999A-9999C-9999E,27.00,2025-06-10 00:00:00
233232-1-1-102,WA007,310724,WA002,101,3040A-3043A-3045A-3053A-3055A-9999A-9999E,26.45,2025-06-10 00:00:00
233232-1-1-102,WA007,310724,WA002,101,3040A-3045A-3053A-3055A-9999A-9999E,26.00,2025-06-10 00:00:00
233232-1-1-102,WA007,310724,WA002,101,3040A-3045A-3053A-9999A-9999E,26.00,2025-06-10 00:00:00
233236-1-1-103,WA007,310726,WA003,101,3002A-3015A-3025S-3033A-9999A-9999C-9999CS-9999E,27.50,2025-06-10 00:00:00
233236-1-1-103,WA007,310726,WA003,101,3002A-3015A-3025S-3033A-9999A-9999E,27.50,2025-06-10 00:00:00
233236-1-1-103,WA003,310726,WA003,102,9999A,8.00,2025-06-10 00:00:00
233258-1-1-101,WA003,310726,WA003,101,3007S-3025S-3033A-3035A-9999A-9999E,6.97,2025-06-10 00:00:00
233258-1-1-101,WA003,310726,WA003,101,3007S-3025S-9999A-9999E,8.50,2025-06-10 00:00:00
233258-1-1-101,WA003,310726,WA003,101,3025S-9999A-9999E,9.50,2025-06-10 00:00:00
233258-1-1-103,WA007,310726,WA003,101,3002A-3005WGUM-3007DRYGUM-3007FO-3007S-3015A-3025S-3033A-3035A-9999A-9999C-9999CS-9999E,25.00,2025-06-10 00:00:00
233258-1-1-103,WA007,310726,WA003,101,3002A-3005WGUM-3007DRYGUM-3007FO-3007S-3025S-3033A-3035A-9999A-9999C-9999CS-9999E,25.00,2025-06-10 00:00:00
233258-1-1-103,WA007,310726,WA003,101,3005WGUM-3007DRYGUM-3007FO-3007S-3025S-3035A-9999A-9999C-9999CS-9999E,26.00,2025-06-10 00:00:00
233352-1-1-101,WA001,310002,WA001,101,3405A-9999A,16.60,2025-06-10 00:00:00
233352-1-1-101,WA001,310002,WA001,102,9999A,14.97,2025-06-10 00:00:00
233364-1-1-102,WA001,310002,WA001,101,3405A-9999A,17.00,2025-06-10 00:00:00
233364-1-1-102,WA001,310002,WA001,102,9999A,18.22,2025-06-10 00:00:00
233433-1-1-101,WA007,310726,WA003,101,3007S-3025S-3033A-3035A-9999A-9999C-9999CS,81.00,2025-06-10 00:00:00
233433-1-1-101,WA003,310726,WA003,101,3007S-3025S-3033A-3035A-9999A-9999E,6.50,2025-06-10 00:00:00
233433-1-1-101,WA007,310726,WA003,102,9999A,58.29,2025-06-10 00:00:00
233444-1-2-104,TX001,310015,ID002,101,3117A-3123A-9999A-9999E,42.50,2025-06-10 00:00:00
233444-1-2-104,TX001,310015,ID002,101,3117A-9999A,41.00,2025-06-10 00:00:00
233444-1-2-104,TX001,310015,ID002,101,3132A,62.00,2025-06-10 00:00:00
233444-1-2-105,TX001,310015,ID002,101,3123A-3132A-9999A-9999E,62.00,2025-06-10 00:00:00
233444-1-2-105,TX001,310015,ID002,101,3132A,62.00,2025-06-10 00:00:00
233444-1-2-106,TX001,310015,ID002,101,3132A,62.00,2025-06-10 00:00:00
233583-1-1-102,WA001,310018,WA001,102,9999A,80.00,2025-06-10 00:00:00
EDI142427,WA018,310015,WA002,101,3117A-3123A-9999A-9999E,90.00,2025-06-10 00:00:00
232128-1-7-126,WA007,310726,WA003,101,3002A-3005WGUM-3007DRYGUM-3007FO-3007S-3015A-3025S-3033A-3035A-9999A-9999C-9999CS-9999E,35.00,2025-06-09 00:00:00
232128-1-7-126,WA007,310726,WA003,101,3002A-3005WGUM-3007DRYGUM-3007FO-3007S-3015A-3025S-3035A-9999A-9999C-9999CS-9999E,36.00,2025-06-09 00:00:00
232128-1-7-126,WA007,310726,WA003,101,3002A-3005WGUM-3007DRYGUM-3007FO-3007S-3015A-3025S-9999A-9999C-9999CS-9999E,36.00,2025-06-09 00:00:00
232128-1-7-126,WA007,310726,WA003,101,3002A-3005WGUM-3007DRYGUM-3007FO-3007S-3015A-3035A-9999A-9999C-9999CS-9999E,36.00,2025-06-09 00:00:00
232128-1-7-127,WA007,310726,WA003,101,3002A-3005WGUM-3007DRYGUM-3007FO-3007S-3015A-3025S-3033A-3035A-9999A-9999C-9999CS-9999E,35.00,2025-06-09 00:00:00
232128-1-7-127,WA007,310726,WA003,101,3002A-3005WGUM-3007DRYGUM-3007FO-3007S-3015A-3025S-3035A-9999A-9999C-9999CS-9999E,34.00,2025-06-09 00:00:00
232128-1-7-127,WA007,310726,WA003,101,3002A-3005WGUM-3007DRYGUM-3007S-3015A-3025S-3035A-9999A-9999C-9999CS-9999E,34.00,2025-06-09 00:00:00
232128-1-7-127,WA007,310726,WA003,101,3005WGUM-3007DRYGUM-3007FO-3007S-3025S-3035A-9999A-9999C-9999CS-9999E,35.00,2025-06-09 00:00:00
232128-1-7-128,WA007,310726,WA003,101,3002A-3005WGUM-3007DRYGUM-3007FO-3007S-3015A-3025S-3033A-3035A-9999A-9999C-9999CS-9999E,32.56,2025-06-09 00:00:00
232128-1-7-128,WA007,310726,WA003,101,3002A-3005WGUM-3007DRYGUM-3007FO-3007S-3015A-3025S-3035A-9999A-9999C-9999CS-9999E,34.00,2025-06-09 00:00:00
232128-1-7-128,WA007,310726,WA003,101,3002A-3005WGUM-3007DRYGUM-3007S-3015A-3025S-3033A-3035A-9999A-9999C-9999CS-9999E,32.00,2025-06-09 00:00:00
232128-1-7-128,WA007,310726,WA003,101,3005WGUM-3007DRYGUM-3007FO-3007S-3025S-3033A-3035A-9999A-9999C-9999CS-9999E,33.00,2025-06-09 00:00:00
232128-1-7-128,WA007,310726,WA003,101,3005WGUM-3007DRYGUM-3007FO-3007S-3025S-3035A-9999A-9999C-9999CS-9999E,33.00,2025-06-09 00:00:00
232130-1-8-120,WA007,310726,WA003,101,3005WGUM-3007DRYGUM-3007FO-3007S-3025S-3033A-3035A-9999A-9999C-9999CS-9999E,29.00,2025-06-09 00:00:00
232130-1-8-120,WA007,310726,WA003,101,3005WGUM-3007DRYGUM-3007FO-3007S-3025S-9999A-9999C-9999CS-9999E,28.00,2025-06-09 00:00:00
232130-1-8-120,WA007,310726,WA003,101,3005WGUM-3007DRYGUM-3007S-3025S-3035A-9999A-9999C-9999CS-9999E,28.00,2025-06-09 00:00:00
232483-1-3-111,WA001,310774,WA001,102,9999A,37.21,2025-06-09 00:00:00
232483-1-4-113,WA001,310774,WA001,102,9999A,41.63,2025-06-09 00:00:00
232487-1-2-109,WA001,310002,WA001,102,9999A,17.00,2025-06-09 00:00:00
232487-1-2-110,WA001,310002,WA001,101,3405A-9999A,17.00,2025-06-09 00:00:00
232487-1-2-110,WA001,310002,WA001,102,9999A,7.38,2025-06-09 00:00:00
232663-1-1-101,WA007,310726,WA002,101,3015A-3035A-9999A-9999C-9999E,19.00,2025-06-09 00:00:00
232663-1-1-101,WA007,310726,WA002,101,3035A-9999A-9999C-9999CS-9999E,16.50,2025-06-09 00:00:00
232663-1-1-101,WA007,310726,WA002,101,3035A-9999A-9999C-9999E,17.45,2025-06-09 00:00:00
232663-1-1-101,WA007,310726,WA002,101,3035A-9999A-9999E,16.93,2025-06-09 00:00:00
232807-1-2-158,MEX002,310015,ID002,101,3117A-3123A-9999A-9999E,76.50,2025-06-09 00:00:00
232807-1-2-159,MEX002,310015,ID002,101,3117A-3123A-9999A-9999E,76.50,2025-06-09 00:00:00
233511-1-1-103,ID010,310086,ID002,101,3139A-3140A-9999A,53.05,2025-06-09 00:00:00
EDI142045,WA018,310018,WA001,102,9999A,84.50,2025-06-09 00:00:00
EDI142160,WA018,310015,WA002,101,3117A-3123A-9999A-9999E,90.00,2025-06-09 00:00:00
EDI142214,WA018,310018,WA001,102,9999A,84.50,2025-06-09 00:00:00
MIT112605,WA018,310015,WA002,101,3117A-3123A-9999A-9999E,90.00,2025-06-09 00:00:00
EDI142222,WA018,310015,WA002,101,3117A-3123A-9999A-9999E,90.00,2025-06-08 00:00:00
232128-1-7-126,WA007,310726,WA003,101,3002A-3005WGUM-3007DRYGUM-3007FO-3007S-3015A-3033A-3035A-9999A-9999C-9999CS-9999E,36.00,2025-06-07 00:00:00
232128-1-7-126,WA007,310726,WA003,101,3002A-3005WGUM-3007DRYGUM-3007FO-3007S-3015A-3035A-9999A-9999C-9999CS-9999E,36.00,2025-06-07 00:00:00
232128-1-7-127,WA007,310726,WA003,101,3002A-3005WGUM-3007DRYGUM-3007FO-3007S-3015A-3025S-3033A-3035A-9999A-9999C-9999CS-9999E,35.00,2025-06-07 00:00:00
232128-1-7-127,WA007,310726,WA003,101,3005WGUM-3007DRYGUM-3007FO-3007S-3025S-3033A-3035A-9999A-9999C-9999CS-9999E,35.00,2025-06-07 00:00:00
232128-1-7-128,WA007,310726,WA003,101,3002A-3005WGUM-3007DRYGUM-3007FO-3007S-3015A-3025S-3033A-3035A-9999A-9999C-9999CS-9999E,33.00,2025-06-07 00:00:00
232128-1-7-128,WA007,310726,WA003,101,3005WGUM-3007DRYGUM-3007FO-3007S-3025S-3033A-3035A-9999A-9999C-9999CS-9999E,33.00,2025-06-07 00:00:00
232128-1-7-128,WA007,310726,WA003,101,3005WGUM-3007DRYGUM-3007FO-3007S-3025S-3035A-9999A-9999C-9999CS-9999E,33.00,2025-06-07 00:00:00
232130-1-8-120,WA007,310726,WA003,101,3005WGUM-3007DRYGUM-3007FO-3007S-3025S-3033A-3035A-9999A-9999C-9999CS-9999E,26.00,2025-06-07 00:00:00
232130-1-8-120,WA007,310726,WA003,101,3005WGUM-3007DRYGUM-3007FO-3007S-3025S-3035A-9999A-9999C-9999CS-9999E,28.00,2025-06-07 00:00:00
232130-1-8-120,WA007,310726,WA003,101,3005WGUM-3007DRYGUM-3007FO-3007S-3025S-9999A-9999C-9999CS-9999E,28.00,2025-06-07 00:00:00
232663-1-1-102,WA007,310726,WA002,101,3035A-9999A-9999E,17.00,2025-06-07 00:00:00
233204-1-1-101,WA007,310726,WA002,101,9999A-9999C-9999E,20.00,2025-06-07 00:00:00
233204-1-1-101,WA002,310726,WA002,101,9999A-9999E,8.00,2025-06-07 00:00:00
233204-1-1-101,WA007,310726,WA002,101,9999A-9999E,20.00,2025-06-07 00:00:00
233223-1-1-103,WA002,310726,WA002,101,9999A-9999E,8.50,2025-06-07 00:00:00
233223-1-1-103,WA007,310726,WA002,101,9999A-9999E,20.35,2025-06-07 00:00:00
232128-1-7-126,WA007,310726,WA003,101,3002A-3005WGUM-3007DRYGUM-3007FO-3007S-3015A-3025S-3035A-9999A-9999C-9999CS-9999E,36.00,2025-06-06 00:00:00
232128-1-7-126,WA007,310726,WA003,101,3002A-3005WGUM-3007DRYGUM-3007FO-3007S-3015A-3025S-9999A-9999C-9999CS-9999E,36.00,2025-06-06 00:00:00
232483-1-4-112,WA001,310774,WA001,102,9999A,23.00,2025-06-06 00:00:00
232701-1-6-121,ID002,310015,ID002,101,3117A-3123A-9999A-9999E,8.00,2025-06-06 00:00:00
232807-1-2-136,MEX002,310015,ID002,101,3117A-9999A,74.00,2025-06-06 00:00:00
232807-1-2-137,MEX002,310015,ID002,101,3117A-3123A-9999A-9999E,74.00,2025-06-06 00:00:00
232807-1-2-137,MEX002,310015,ID002,101,3117A-9999A,74.00,2025-06-06 00:00:00
232807-1-2-138,MEX002,310015,ID002,101,3117A-3123A-9999A-9999E,74.00,2025-06-06 00:00:00
232807-1-2-138,MEX002,310015,ID002,101,3117A-9999A,74.00,2025-06-06 00:00:00
232807-1-2-157,MEX002,310015,ID002,101,3117A-3123A-9999A-9999E,76.50,2025-06-06 00:00:00
233175-1-1-101,WA001,310018,WA001,102,9999A,63.00,2025-06-06 00:00:00
233175-1-1-102,WA001,310018,WA001,102,9999A,37.00,2025-06-06 00:00:00
233204-1-1-101,WA007,310726,WA002,101,9999A-9999C-9999E,20.00,2025-06-06 00:00:00
233204-1-1-101,WA007,310726,WA002,101,9999A-9999E,20.00,2025-06-06 00:00:00
233205-1-1-102,WA002,310726,WA002,101,3015A-9999A-9999E,9.00,2025-06-06 00:00:00
233205-1-1-102,WA007,310726,WA002,101,3015A-9999A-9999E,22.00,2025-06-06 00:00:00
233205-1-1-102,WA002,310726,WA002,101,9999A-9999E,9.00,2025-06-06 00:00:00
233205-1-1-102,WA007,310726,WA002,101,9999A-9999E,22.00,2025-06-06 00:00:00
233219-1-1-101,WA001,310015,WA001,101,9999A-9999E,10.00,2025-06-06 00:00:00
233223-1-1-103,WA007,310726,WA002,101,3015A-9999A-9999C-9999E,22.00,2025-06-06 00:00:00
233223-1-1-103,WA007,310726,WA002,101,3015A-9999A-9999E,22.00,2025-06-06 00:00:00
233223-1-1-103,WA007,310726,WA002,101,9999A-9999C-9999E,21.00,2025-06-06 00:00:00
233223-1-1-103,WA002,310726,WA002,101,9999A-9999E,9.00,2025-06-06 00:00:00
233223-1-1-103,WA007,310726,WA002,101,9999A-9999E,21.00,2025-06-06 00:00:00
233232-1-1-101,WA007,310724,WA002,101,3040A-3043A-3045A-3053A-3055A-9999A-9999E,29.00,2025-06-06 00:00:00
233232-1-1-101,WA007,310724,WA002,101,3040A-3045A-3053A-3055A-9999A-9999E,29.00,2025-06-06 00:00:00
233232-1-1-101,WA007,310724,WA002,101,3040A-3045A-3053A-9999A-9999E,29.87,2025-06-06 00:00:00
233244-1-1-101,WA007,310726,WA003,101,3002A-3005WGUM-3007DRYGUM-3007FO-3007S-3015A-3025S-3033A-3035A-9999A-9999C-9999CS-9999E,37.00,2025-06-06 00:00:00
233244-1-1-101,WA007,310726,WA003,101,3002A-3005WGUM-3007DRYGUM-3007FO-3007S-3015A-3025S-3035A-9999A-9999C-9999CS-9999E,37.00,2025-06-06 00:00:00
233244-1-1-101,WA007,310726,WA003,101,3002A-3005WGUM-3007DRYGUM-3007FO-3007S-3015A-3033A-3035A-9999A-9999C-9999CS-9999E,36.00,2025-06-06 00:00:00
233244-1-1-101,WA007,310726,WA003,101,3005WGUM-3007DRYGUM-3007FO-3007S-3025S-3033A-3035A-9999A-9999C-9999CS-9999E,41.00,2025-06-06 00:00:00
233263-1-1-101,WA007,310726,WA003,101,3002A-3025S-3033A-3035A-9999A-9999C-9999CS-9999E,16.00,2025-06-06 00:00:00
233263-1-1-101,WA007,310726,WA003,101,3002A-3025S-9999A-9999C-9999CS-9999E,21.00,2025-06-06 00:00:00
233263-1-1-101,WA007,310726,WA003,101,3002A-3025S-9999A-9999E,21.00,2025-06-06 00:00:00
233263-1-1-101,WA007,310726,WA003,101,3025S-3033A-3035A-9999A-9999C-9999CS-9999E,17.00,2025-06-06 00:00:00
233263-1-1-101,WA007,310726,WA003,101,3025S-3033A-9999A-9999C-9999CS-9999E,17.00,2025-06-06 00:00:00
233263-1-1-101,WA007,310726,WA003,101,3025S-3033A-9999A-9999E,20.00,2025-06-06 00:00:00
233263-1-1-101,WA007,310726,WA003,101,3025S-9999A-9999C-9999CS-9999E,21.00,2025-06-06 00:00:00
233285-1-3-118,TX001,310015,ID002,101,3117A-3123A-9999A-9999E,39.76,2025-06-06 00:00:00
233463-1-1-101,ID002,310015,ID002,101,3117A-3123A-9999A-9999E,7.00,2025-06-06 00:00:00
233479-1-2-101,ID002,310015,ID002,101,3117A-3123A-9999A-9999E,11.50,2025-06-06 00:00:00
233479-1-2-101,ID010,310015,ID002,101,3117A-3123A-9999A-9999E,13.00,2025-06-06 00:00:00
233479-1-2-101,ID010,310086,ID002,101,3139A-3140A-9999A,39.00,2025-06-06 00:00:00
233479-1-2-101,ID010,310086,ID002,102,9999A,96.00,2025-06-06 00:00:00
233486-1-1-109,TX001,310015,ID002,101,3117A-3123A-3132A-9999A-9999E,39.00,2025-06-06 00:00:00
233486-1-1-109,TX001,310015,ID002,101,3117A-3123A-9999A,97.00,2025-06-06 00:00:00
233486-1-1-109,TX001,310015,ID002,101,3117A-3123A-9999A-9999E,57.00,2025-06-06 00:00:00
233486-1-1-109,TX001,310015,ID002,101,3123A-3132A-9999A-9999E,39.00,2025-06-06 00:00:00
233486-1-1-110,TX001,310015,ID002,101,3123A-3123A-3132A-9999A-3132A-9999A-9999E,39.00,2025-06-06 00:00:00
233486-1-1-110,TX001,310015,ID002,101,3123A-3132A-9999A-9999E,39.00,2025-06-06 00:00:00
233486-1-1-110,TX001,310015,ID002,101,3123A-9999A-3132A-9999A-9999E,39.00,2025-06-06 00:00:00
233486-1-1-110,TX001,310015,ID002,101,3132A,38.00,2025-06-06 00:00:00
233498-1-1-101,TX001,310015,ID002,101,3132A,36.00,2025-06-06 00:00:00
233511-1-1-102,ID010,310086,ID002,101,3139A-3140A-9999A,53.00,2025-06-06 00:00:00
10015690,WA017,310015,WA002,101,3117A-3123A-9999A-9999E,58.00,2025-06-05 00:00:00
10015710,WA017,310015,WA002,101,3117A-3123A-9999A-9999E,57.07,2025-06-05 00:00:00
232807-1-2-134,MEX002,310015,ID002,101,3117A-3123A-9999A-9999E,80.81,2025-06-05 00:00:00
232807-1-2-135,MEX002,310015,ID002,101,3117A-3123A-9999A-9999E,76.88,2025-06-05 00:00:00
233232-1-1-101,WA007,310724,WA002,101,3040A-3043A-3045A-3053A-3055A-9999A-9999E,29.97,2025-06-05 00:00:00
233232-1-1-101,WA007,310724,WA002,101,3040A-3045A-3053A-3055A-9999A-9999C-9999E,30.00,2025-06-05 00:00:00
233232-1-1-101,WA007,310724,WA002,101,3040A-3045A-3053A-3055A-9999A-9999E,30.33,2025-06-05 00:00:00
233232-1-1-101,WA007,310724,WA002,101,3040A-3045A-3053A-9999A-9999E,29.00,2025-06-05 00:00:00
233244-1-1-101,WA007,310726,WA003,101,3002A-3005WGUM-3007DRYGUM-3007FO-3007S-3015A-3025S-3035A-9999A-9999C-9999CS-9999E,40.00,2025-06-05 00:00:00
233244-1-1-101,WA007,310726,WA003,101,3002A-3005WGUM-3007DRYGUM-3007FO-3007S-3015A-3025S-9999A-9999C-9999CS-9999E,40.00,2025-06-05 00:00:00
233244-1-1-101,WA007,310726,WA003,101,3005WGUM-3007DRYGUM-3007FO-3007S-3025S-3033A-3035A-9999A-9999C-9999CS-9999E,40.63,2025-06-05 00:00:00
233244-1-1-101,WA007,310726,WA003,101,3005WGUM-3007DRYGUM-3007FO-3007S-3025S-3035A-9999A-9999C-9999CS-9999E,40.00,2025-06-05 00:00:00
233258-1-1-104,WA007,310726,WA003,101,3005WGUM-3007DRYGUM-3007FO-3007S-3025S-3033A-3035A-9999A-9999C-9999CS-9999E,31.00,2025-06-05 00:00:00
233262-1-1-104,WA007,310726,WA003,101,"",11.50,2025-06-05 00:00:00
233262-1-1-104,WA007,310726,WA003,101,3002A-3007S-3015A-3025S-9999A-9999C-9999CS-9999E,12.00,2025-06-05 00:00:00
233262-1-1-104,WA003,310726,WA003,101,3002A-3007S-3025S-9999A-9999E,8.50,2025-06-05 00:00:00
233262-1-1-104,WA007,310726,WA003,101,3002A-3025S-3033A-9999A-9999C-9999CS-9999E,12.00,2025-06-05 00:00:00
233262-1-1-104,WA007,310726,WA003,101,3002A-3025S-9999A-9999C-9999CS-9999E,12.00,2025-06-05 00:00:00
233262-1-1-104,WA007,310726,WA003,101,3007S-3025S-3033A-3035A-9999A-9999C-9999CS-9999E,11.00,2025-06-05 00:00:00
233262-1-1-104,WA003,310726,WA003,101,3007S-3025S-3033A-3035A-9999A-9999E,7.50,2025-06-05 00:00:00
233262-1-1-104,WA007,310726,WA003,101,3007S-3025S-3033A-3035A-9999A-9999E,13.00,2025-06-05 00:00:00
233262-1-1-104,WA003,310726,WA003,101,3007S-3025S-9999A-9999E,8.50,2025-06-05 00:00:00
233262-1-1-104,WA007,310726,WA003,101,3025S-3033A-9999A-9999C-9999CS-9999E,13.00,2025-06-05 00:00:00
233262-1-1-104,WA007,310726,WA003,101,3025S-9999A-9999E,11.00,2025-06-05 00:00:00
233263-1-1-101,WA007,310726,WA003,101,3002A-3025S-3033A-3035A-9999A-9999C-9999CS-9999E,16.00,2025-06-05 00:00:00
233263-1-1-101,WA007,310726,WA003,101,3015A-3025S-3033A-3035A-9999A-9999E,16.00,2025-06-05 00:00:00
233263-1-1-101,WA007,310726,WA003,101,3015A-9999A-9999C-9999CS-9999E,16.00,2025-06-05 00:00:00
233263-1-1-101,WA007,310726,WA003,101,3025S-3033A-3035A-9999A-9999C-9999CS-9999E,15.00,2025-06-05 00:00:00
233322-1-2-103,WA001,310002,WA001,101,3405A-9999A,27.00,2025-06-05 00:00:00
233322-1-2-103,WA001,310002,WA001,101,3405A-9999A-9999E,27.00,2025-06-05 00:00:00
233322-1-2-103,WA001,310002,WA001,102,9999A,20.27,2025-06-05 00:00:00
233450-1-1-128,ID002,310015,ID002,101,3117A-3123A-9999A-9999E,7.00,2025-06-05 00:00:00
233450-1-1-139,ID002,310015,ID002,101,3117A-3123A-9999A-9999E,7.00,2025-06-05 00:00:00
233450-1-1-140,ID002,310015,ID002,101,3117A-3123A-9999A-9999E,7.00,2025-06-05 00:00:00
233486-1-1-104,TX001,310015,ID002,101,3117A-3123A-9999A-9999E,57.16,2025-06-05 00:00:00
233486-1-1-105,TX001,310015,ID002,101,3117A-3123A-9999A-9999E,57.08,2025-06-05 00:00:00
233486-1-1-105,TX001,310015,ID002,101,3117A-3123A-9999A-9999E-9999A-9999E,57.25,2025-06-05 00:00:00
233486-1-1-105,TX001,310015,ID002,101,3132A,36.00,2025-06-05 00:00:00
233486-1-1-107,TX001,310015,ID002,101,3117A-3123A-9999A-9999E,35.00,2025-06-05 00:00:00
233486-1-1-108,TX001,310015,ID002,101,3117A-3123A-3132A-9999A-9999E,35.00,2025-06-05 00:00:00
233486-1-1-108,TX001,310015,ID002,101,3117A-3123A-9999A-9999E,35.00,2025-06-05 00:00:00
233492-1-1-107,TX001,310015,ID002,101,3117A-3123A-3132A-9999A-9999E,38.00,2025-06-05 00:00:00
233492-1-1-107,TX001,310015,ID002,101,3117A-3123A-9999A-9999E,63.33,2025-06-05 00:00:00
233492-1-1-107,TX001,310015,ID002,101,3132A,36.18,2025-06-05 00:00:00
233492-1-1-108,TX001,310015,ID002,101,3132A,36.00,2025-06-05 00:00:00
233492-1-1-109,TX001,310015,ID002,101,3117A-3123A-3132A-9999A-9999E,38.06,2025-06-05 00:00:00
233492-1-1-109,TX001,310015,ID002,101,3117A-3123A-9999A-9999E,39.25,2025-06-05 00:00:00
233492-1-1-110,TX001,310015,ID002,101,3117A-3123A-3132A-9999A-9999E,38.00,2025-06-05 00:00:00
233492-1-1-110,TX001,310015,ID002,101,3123A-3132A-9999A-9999E,38.00,2025-06-05 00:00:00
233492-1-1-110,TX001,310015,ID002,101,3132A,36.00,2025-06-05 00:00:00
EDI141788,WA018,310015,WA002,101,3117A-3123A-9999A-9999E,90.00,2025-06-05 00:00:00
232487-1-2-108,WA001,310002,WA001,102,9999A,22.07,2025-06-04 00:00:00
232807-1-2-133,MEX002,310015,ID002,101,3117A-3123A-9999A-9999E,68.20,2025-06-04 00:00:00
233227-1-1-103,WA007,310726,WA003,101,"",11.50,2025-06-04 00:00:00
233227-1-1-103,WA007,310726,WA003,101,3002A-3007S-3015A-3025S-3033A-3035A-9999A-9999E,14.28,2025-06-04 00:00:00
233227-1-1-103,WA007,310726,WA003,101,3007S-3025S-3033A-3035A-9999A-9999C-9999CS-9999E,17.46,2025-06-04 00:00:00
233227-1-1-103,WA007,310726,WA003,101,3007S-3025S-3033A-3035A-9999A-9999E,16.25,2025-06-04 00:00:00
233227-1-1-103,WA007,310726,WA003,101,3007S-3025S-3035A-9999A-9999C-9999CS-9999E,13.00,2025-06-04 00:00:00
233232-1-1-101,WA007,310724,WA002,101,3040A-3043A-3045A-3053A-3055A-9999A-9999E,30.00,2025-06-04 00:00:00
233232-1-1-101,WA007,310724,WA002,101,3040A-3045A-3053A-3055A-9999A-9999E,29.65,2025-06-04 00:00:00
233232-1-1-101,WA007,310724,WA002,101,3040A-3045A-3053A-9999A-9999E,31.00,2025-06-04 00:00:00
233244-1-1-101,WA007,310726,WA003,101,3005WGUM-3007DRYGUM-3007FO-3007S-3025S-3033A-3035A-9999A-9999C-9999CS-9999E,40.00,2025-06-04 00:00:00
233258-1-1-104,WA007,310726,WA003,101,3002A-3005WGUM-3007DRYGUM-3007FO-3007S-3015A-3025S-3033A-3035A-9999A-9999C-9999CS-9999E,29.00,2025-06-04 00:00:00
233258-1-1-104,WA007,310726,WA003,101,3002A-3005WGUM-3007DRYGUM-3007FO-3007S-3025S-3035A-9999A-9999C-9999CS-9999E,29.00,2025-06-04 00:00:00
233258-1-1-104,WA007,310726,WA003,101,3005WGUM-3007DRYGUM-3007FO-3007S-3025S-3033A-3035A-9999A-9999C-9999CS-9999E,29.44,2025-06-04 00:00:00
233258-1-1-104,WA007,310726,WA003,101,3005WGUM-3007DRYGUM-3007FO-3007S-3025S-3035A-9999A-9999C-9999CS-9999E,31.00,2025-06-04 00:00:00
233258-1-1-104,WA007,310726,WA003,101,3005WGUM-3007DRYGUM-3007S-3025S-3033A-3035A-9999A-9999C-9999CS-9999E,31.00,2025-06-04 00:00:00
233322-1-2-103,WA001,310002,WA001,101,3405A-9999A-9999E,25.00,2025-06-04 00:00:00
233322-1-2-103,WA001,310002,WA001,102,9999A,24.54,2025-06-04 00:00:00
233327-1-1-106,WA001,310015,WA001,101,9999A-9999E,7.50,2025-06-04 00:00:00
233327-1-1-107,WA001,310015,WA001,101,9999A-9999E,7.97,2025-06-04 00:00:00
233327-1-1-107,WA001,310015,WA001,102,9999A,11.00,2025-06-04 00:00:00
233327-1-1-109,WA001,310015,WA001,101,9999A-9999E,7.50,2025-06-04 00:00:00
233327-1-1-121,WA001,310015,WA001,101,9999A-9999E,8.00,2025-06-04 00:00:00
233327-1-1-124,WA001,310015,WA001,101,9999A-9999E,8.67,2025-06-04 00:00:00
233440-1-1-110,ID002,310015,ID002,101,3117A-3123A-9999A-9999E,8.00,2025-06-04 00:00:00
233440-1-1-112,ID002,310015,ID002,101,3117A-3123A-9999A-9999E,8.00,2025-06-04 00:00:00
233440-1-1-123,ID002,310015,ID002,101,3117A-3123A-9999A-9999E,8.00,2025-06-04 00:00:00
233450-1-1-136,ID002,310015,ID002,101,3117A-3123A-9999A-9999E,8.00,2025-06-04 00:00:00
233450-1-1-137,ID002,310015,ID002,101,3117A-3123A-9999A-9999E,8.00,2025-06-04 00:00:00
233450-1-1-138,ID002,310015,ID002,101,3117A-3123A-9999A-9999E,8.00,2025-06-04 00:00:00
233486-1-1-106,TX001,310015,ID002,101,3117A-3123A-9999A-9999E,35.00,2025-06-04 00:00:00
233492-1-1-106,TX001,310015,ID002,101,3117A-3123A-9999A-9999E,69.00,2025-06-04 00:00:00
233506-1-2-101,WA011,310726,WA002,101,3015A-3035A-9999A-9999C-9999E,2.00,2025-06-04 00:00:00
233506-1-2-101,WA011,310726,WA002,101,3015A-3035A-9999A-9999E,2.00,2025-06-04 00:00:00
EDI141670,WA001,310002,WA001,102,9999A,22.27,2025-06-04 00:00:00
232513-1-5-113,ID010,310768,ID002,101,3200A-9999A,35.30,2025-06-03 00:00:00
232513-1-5-114,ID010,310768,ID002,102,9999A,33.00,2025-06-03 00:00:00
232664-1-1-102,WA007,310726,WA002,101,3015A-3035A-9999A-9999E,22.00,2025-06-03 00:00:00
232664-1-1-102,WA007,310726,WA002,101,3035A-9999A,22.00,2025-06-03 00:00:00
232664-1-1-102,WA007,310726,WA002,101,3035A-9999A-9999C-9999E,23.00,2025-06-03 00:00:00
232664-1-1-102,WA007,310726,WA002,101,3035A-9999A-9999E,22.23,2025-06-03 00:00:00
232807-1-1-122,MEX002,310015,ID002,101,3117A-3123A-3132A-9999A-9999E,120.00,2025-06-03 00:00:00
232807-1-1-122,MEX002,310015,ID002,101,3117A-3123A-9999A-9999E,75.92,2025-06-03 00:00:00
232807-1-1-124,MEX002,310015,ID002,101,3117A-3123A-9999A-9999E,75.70,2025-06-03 00:00:00
232807-1-1-126,MEX002,310015,ID002,101,3117A-3123A-9999A-9999E,77.50,2025-06-03 00:00:00
233225-1-1-101,WA001,310002,WA001,101,3405A-9999A,27.00,2025-06-03 00:00:00
233225-1-1-101,WA001,310002,WA001,102,9999A,11.00,2025-06-03 00:00:00
233225-1-1-102,WA001,310002,WA001,102,9999A,11.75,2025-06-03 00:00:00
233227-1-1-103,WA007,310726,WA003,101,"",11.50,2025-06-03 00:00:00
233227-1-1-103,WA007,310726,WA003,101,3002A-3007S-3015A-3025S-3033A-3035A-9999A-9999C-9999CS-9999E,21.00,2025-06-03 00:00:00
233227-1-1-103,WA007,310726,WA003,101,3002A-3007S-3015A-3025S-3033A-3035A-9999A-9999E,15.35,2025-06-03 00:00:00
233227-1-1-103,WA007,310726,WA003,101,3002A-3007S-3015A-3025S-3035A-9999A-9999C-9999CS-9999E,12.00,2025-06-03 00:00:00
233227-1-1-103,WA007,310726,WA003,101,3002A-3007S-3015A-3025S-3035A-9999A-9999E,20.00,2025-06-03 00:00:00
233227-1-1-103,WA007,310726,WA003,101,3002A-3007S-3025S-3033A-3035A-9999A-9999C-9999CS-9999E,21.00,2025-06-03 00:00:00
233227-1-1-103,WA007,310726,WA003,101,3002A-3007S-3025S-3033A-3035A-9999A-9999E,18.00,2025-06-03 00:00:00
233227-1-1-103,WA007,310726,WA003,101,3007S-3025S-3033A-3035A-9999A-9999C-9999CS-9999E,18.12,2025-06-03 00:00:00
233227-1-1-103,WA007,310726,WA003,101,3007S-3025S-3033A-3035A-9999A-9999E,15.18,2025-06-03 00:00:00
233227-1-1-103,WA007,310726,WA003,101,3007S-3025S-3035A-9999A-9999C-9999CS-9999E,13.00,2025-06-03 00:00:00
233322-1-2-103,WA001,310002,WA001,101,3405A-9999A,27.00,2025-06-03 00:00:00
233322-1-2-103,WA001,310002,WA001,101,9999A-9999E,28.00,2025-06-03 00:00:00
233322-1-2-103,WA001,310002,WA001,102,9999A,27.42,2025-06-03 00:00:00
233327-1-1-120,WA001,310015,WA001,101,9999A-9999E,7.95,2025-06-03 00:00:00
233327-1-1-122,WA001,310015,WA001,101,9999A-9999E,9.73,2025-06-03 00:00:00
233440-1-1-101,ID002,310015,ID002,101,3117A-3123A-9999A-9999E,11.00,2025-06-03 00:00:00
233440-1-1-103,ID002,310015,ID002,101,3117A-3123A-9999A-9999E,10.93,2025-06-03 00:00:00
233440-1-1-116,ID002,310015,ID002,101,3117A-3123A-9999A-9999E,10.00,2025-06-03 00:00:00
233440-1-1-116,ID002,310015,ID002,102,9999A,11.00,2025-06-03 00:00:00
233440-1-1-124,ID002,310015,ID002,101,3117A-3123A-9999A-9999E,11.00,2025-06-03 00:00:00
233440-1-1-124,ID002,310015,ID002,101,3117A-9999A,11.00,2025-06-03 00:00:00
233440-1-1-124,ID002,310015,ID002,102,9999A,11.00,2025-06-03 00:00:00
233449-1-1-103,ID010,310086,ID002,101,3139A-3140A-9999A,53.21,2025-06-03 00:00:00
233450-1-1-133,ID002,310015,ID002,101,3117A-3123A-9999A-9999E,11.00,2025-06-03 00:00:00
233450-1-1-134,ID002,310015,ID002,101,3117A-3123A-9999A-9999E,10.00,2025-06-03 00:00:00
233450-1-1-135,ID002,310015,ID002,101,3117A-3123A-9999A-9999E,11.00,2025-06-03 00:00:00
233486-1-1-101,TX001,310015,ID002,101,3117A-3123A-3132A-9999A-9999E,38.00,2025-06-03 00:00:00
233486-1-1-101,TX001,310015,ID002,101,3117A-3123A-9999A-9999E,68.07,2025-06-03 00:00:00
233486-1-1-102,TX001,310015,ID002,101,3117A-3123A-9999A-9999E,57.53,2025-06-03 00:00:00
233486-1-1-103,TX001,310015,ID002,101,3117A-3123A-9999A-9999E,57.23,2025-06-03 00:00:00
233487-1-1-103,TX001,310015,ID002,101,3117A-3123A-9999A-9999E,69.00,2025-06-03 00:00:00
233487-1-1-104,TX001,310015,ID002,101,3117A-3123A-9999A,69.00,2025-06-03 00:00:00
233487-1-1-104,TX001,310015,ID002,101,3117A-3123A-9999A-9999E,69.00,2025-06-03 00:00:00
233487-1-1-105,TX001,310015,ID002,101,3117A-3123A-9999A,69.00,2025-06-03 00:00:00
233492-1-1-105,TX001,310015,ID002,101,3117A-3123A-9999A,69.00,2025-06-03 00:00:00
233492-1-1-105,TX001,310015,ID002,101,3117A-3123A-9999A-9999E,69.00,2025-06-03 00:00:00
233511-1-1-101,ID010,310086,ID002,101,3139A-3140A-9999A,53.26,2025-06-03 00:00:00
232483-1-3-110,WA001,310774,WA001,102,9999A,41.08,2025-06-02 00:00:00
232630-1-2-109,TX001,310015,ID002,101,3117A-3123A-3132A-9999A-9999E,42.50,2025-06-02 00:00:00
232630-1-2-109,TX001,310015,ID002,101,3117A-3123A-9999A-9999E,51.96,2025-06-02 00:00:00
232630-1-3-111,TX001,310015,ID002,101,3117A-3123A-3132A-9999A-9999E,41.50,2025-06-02 00:00:00
232630-1-3-111,TX001,310015,ID002,101,3117A-3123A-9999A-9999E,41.50,2025-06-02 00:00:00
232807-1-1-115,MEX002,310015,ID002,101,3117A-3123A-9999A,76.59,2025-06-02 00:00:00
232807-1-1-115,MEX002,310015,ID002,101,3117A-3123A-9999A-9999E,76.75,2025-06-02 00:00:00
232807-1-1-116,MEX002,310015,ID002,101,3117A-3123A-9999A,76.78,2025-06-02 00:00:00
232807-1-1-116,MEX002,310015,ID002,101,3117A-3123A-9999A-9999A,76.64,2025-06-02 00:00:00
232807-1-1-116,MEX002,310015,ID002,102,9999A-9999A,76.50,2025-06-02 00:00:00
233089-1-3-112,TX001,310015,ID002,101,3117A-3123A-9999A-9999E,40.83,2025-06-02 00:00:00
233156-1-3-107,WA001,310015,WA001,101,9999A-9999E,7.17,2025-06-02 00:00:00
233227-1-1-103,WA007,310726,WA003,101,3002A-3007S-3015A-3025S-3033A-3035A-9999A-9999C-9999CS-9999E,20.50,2025-06-02 00:00:00
233227-1-1-103,WA007,310726,WA003,101,3002A-3007S-3015A-3025S-3035A-9999A-9999C-9999CS-9999E,19.50,2025-06-02 00:00:00
233227-1-1-103,WA007,310726,WA003,101,3002A-3007S-3025S-3035A-9999A-9999C-9999CS-9999E,19.50,2025-06-02 00:00:00
233227-1-1-103,WA007,310726,WA003,101,3007S-3025S-3033A-3035A-9999A-9999C-9999CS-9999E,18.40,2025-06-02 00:00:00
233227-1-1-103,WA007,310726,WA003,101,3007S-3025S-3033A-3035A-9999A-9999E,17.00,2025-06-02 00:00:00
233241-1-1-101,WA007,310726,WA003,101,3002A-3007S-3015A-3025S-3033A-3035A-9999A-9999E,21.50,2025-06-02 00:00:00
233241-1-1-101,WA007,310726,WA003,101,3002A-3007S-3025S-3033A-3035A-9999A-9999E,21.50,2025-06-02 00:00:00
233244-1-1-101,WA007,310726,WA003,101,3002A-3005WGUM-3007DRYGUM-3007FO-3007S-3015A-3025S-3033A-3035A-9999A-9999C-9999CS-9999E,36.50,2025-06-02 00:00:00
233244-1-1-101,WA007,310726,WA003,101,3002A-3005WGUM-3007DRYGUM-3007FO-3007S-3015A-3025S-3035A-9999A-9999C-9999CS-9999E,37.50,2025-06-02 00:00:00
233244-1-1-101,WA007,310726,WA003,101,3005WGUM-3007DRYGUM-3007FO-3007S-3025S-3033A-3035A-9999A-9999C-9999CS-9999E,40.50,2025-06-02 00:00:00
233244-1-1-101,WA007,310726,WA003,101,3005WGUM-3007DRYGUM-3007FO-3007S-3025S-3035A-9999A-9999C-9999CS-9999E,40.50,2025-06-02 00:00:00
233263-1-1-101,WA007,310726,WA003,101,3002A-3025S-3033A-3035A-9999A-9999E,21.50,2025-06-02 00:00:00
233263-1-1-101,WA007,310726,WA003,101,3002A-3025S-9999A-9999C-9999CS-9999E,20.50,2025-06-02 00:00:00
233263-1-1-101,WA007,310726,WA003,101,3002A-9999A-9999C-9999CS-9999E,22.50,2025-06-02 00:00:00
233263-1-1-101,WA007,310726,WA003,101,3015A-3025S-3033A-3035A-9999A-9999E,21.50,2025-06-02 00:00:00
233263-1-1-101,WA007,310726,WA003,101,3025S-3033A-9999A-9999E,20.50,2025-06-02 00:00:00
233285-1-3-116,TX001,310015,ID002,101,3117A-3123A-9999A-9999E,54.65,2025-06-02 00:00:00
233285-1-3-117,TX001,310015,ID002,101,3117A-9999A,45.26,2025-06-02 00:00:00
233315-1-1-101,WA001,310002,WA001,102,9999A,28.85,2025-06-02 00:00:00
233322-1-2-103,WA001,310002,WA001,102,9999A,27.75,2025-06-02 00:00:00
233327-1-1-123,WA001,310015,WA001,101,9999A-9999E,7.50,2025-06-02 00:00:00
233440-1-1-106,ID002,310015,ID002,101,3117A-3123A-9999A-9999E,8.50,2025-06-02 00:00:00
233440-1-1-113,ID002,310015,ID002,101,3117A-3123A-9999A-9999E,10.36,2025-06-02 00:00:00
233440-1-1-113,ID002,310015,ID002,101,3117A-3123A-9999A-9999E-9999A-9999E,11.50,2025-06-02 00:00:00
233440-1-1-113,ID002,310015,ID002,101,9999A-9999E-9999A-9999E,11.50,2025-06-02 00:00:00
233440-1-1-115,ID002,310015,ID002,101,3117A-3123A-9999A-9999E,8.50,2025-06-02 00:00:00
233440-1-1-121,ID002,310015,ID002,101,3117A-3123A-9999A-9999E,9.37,2025-06-02 00:00:00
233450-1-1-130,ID002,310015,ID002,101,3117A-3117A-3123A-3123A-9999A-9999E-9999A-9999E,10.50,2025-06-02 00:00:00
233450-1-1-130,ID002,310015,ID002,101,3117A-3123A-9999A-9999E,10.50,2025-06-02 00:00:00
233450-1-1-130,ID002,310015,ID002,101,3117A-3123A-9999A-9999E-9999A-9999E,10.50,2025-06-02 00:00:00
233450-1-1-131,ID002,310015,ID002,101,3117A-3123A-9999A-9999E,9.50,2025-06-02 00:00:00
233450-1-1-132,ID002,310015,ID002,101,3117A-3123A-9999A-9999E,10.50,2025-06-02 00:00:00
233487-1-1-101,TX001,310015,ID002,101,3117A-3123A-3132A-9999A-9999E,37.50,2025-06-02 00:00:00
233487-1-1-101,TX001,310015,ID002,101,3117A-9999A,40.50,2025-06-02 00:00:00
233487-1-1-101,TX001,310015,ID002,101,3123A-3132A-9999A-9999E,37.50,2025-06-02 00:00:00
233487-1-1-102,TX001,310015,ID002,101,3117A-3123A-9999A-9999E,68.50,2025-06-02 00:00:00
233492-1-1-104,TX001,310015,ID002,101,3117A-3123A-3132A-9999A,41.50,2025-06-02 00:00:00
233492-1-1-104,TX001,310015,ID002,101,3117A-9999A,44.50,2025-06-02 00:00:00
233492-1-1-104,TX001,310015,ID002,102,9999A,44.50,2025-06-02 00:00:00
EDI141431,WA018,310015,WA002,101,3117A-3123A-9999A-9999E,89.50,2025-06-02 00:00:00
233244-1-1-101,WA007,310726,WA003,101,3002A-3005WGUM-3007DRYGUM-3007FO-3007S-3015A-3025S-3033A-3035A-9999A-9999C-9999CS-9999E,39.00,2025-06-01 00:00:00
233244-1-1-101,WA007,310726,WA003,101,3002A-3005WGUM-3007DRYGUM-3007FO-3007S-3015A-3025S-3035A-9999A-9999C-9999CS-9999E,37.67,2025-06-01 00:00:00
EDI141491,WA018,310015,WA002,101,3117A-3123A-9999A-9999E,89.75,2025-06-01 00:00:00
232630-1-2-108,TX001,310015,ID002,101,3117A-3123A-9999A-9999E,55.00,2025-05-29 00:00:00
232807-1-1-111,MEX002,310015,ID002,101,3117A-3123A-9999A-9999E,94.11,2025-05-29 00:00:00
232807-1-1-112,MEX002,310015,ID002,101,3117A-3123A-9999A,77.00,2025-05-29 00:00:00
232807-1-1-112,MEX002,310015,ID002,101,3117A-3123A-9999A-9999E,77.00,2025-05-29 00:00:00
232807-1-2-155,MEX002,310015,ID002,101,3117A-3123A-9999A-9999E,84.00,2025-05-29 00:00:00
232807-1-2-156,MEX002,310015,ID002,101,3117A-3123A-9999A-9999E,91.50,2025-05-29 00:00:00
233241-1-1-101,WA007,310726,WA003,101,3002A-3007S-3025S-3033A-3035A-9999A-9999E,22.00,2025-05-29 00:00:00
233241-1-1-101,WA007,310726,WA003,101,3002A-3025S-3035A-9999A-9999C-9999CS-9999E,23.00,2025-05-29 00:00:00
233244-1-1-102,WA007,310726,WA003,101,3002A-3007S-3015A-3025S-3033A-3035A-9999A-9999E,43.00,2025-05-29 00:00:00
233285-1-3-115,TX001,310015,ID002,101,3117A-3123A-9999A-9999E,55.86,2025-05-29 00:00:00
233529-1-1-101,MEX002,310015,ID002,101,3117A-3123A-9999A,110.10,2025-05-29 00:00:00
233529-1-1-101,MEX002,310015,ID002,101,3117A-3123A-9999A-9999E,116.20,2025-05-29 00:00:00
233529-1-1-101,MEX002,310015,ID002,101,3117A-9999A,110.33,2025-05-29 00:00:00
233107-1-1-101,WA007,310724,WA002,101,3040A-3043A-3045A-3053A-3055A-9999A-9999E,31.00,2025-05-28 00:00:00
233107-1-1-101,WA007,310724,WA002,101,3040A-3045A-3053A-3055A-9999A-9999E,33.00,2025-05-28 00:00:00
233281-1-1-101,WA007,310724,WA002,101,3040A-3043A-3045A-3053A-3055A-9999A-9999E,33.00,2025-05-28 00:00:00
233282-1-1-101,WA007,310726,WA002,101,3035A-9999A-9999E,23.00,2025-05-28 00:00:00
232807-1-2-153,MEX002,310015,ID002,101,3117A-3123A-9999A,85.00,2025-05-27 00:00:00
232807-1-2-153,MEX002,310015,ID002,101,3117A-9999A,85.00,2025-05-27 00:00:00
232807-1-2-154,MEX002,310015,ID002,101,3117A-3123A-9999A,84.33,2025-05-27 00:00:00
232807-1-2-154,MEX002,310015,ID002,101,3117A-3123A-9999A-9999E,84.00,2025-05-27 00:00:00
233107-1-1-101,WA007,310724,WA002,101,3040A-3043A-3045A-3053A-3055A-9999A-9999E,31.00,2025-05-27 00:00:00
233244-1-1-102,WA007,310726,WA003,101,3002A-3007S-3015A-3025S-3035A-9999A-9999C-9999CS-9999E,42.00,2025-05-27 00:00:00
233451-1-1-110,WA007,310724,WA002,101,3040A-3045A-9999A-9999C,70.00,2025-05-27 00:00:00
EDI141059,WA018,310015,WA002,101,3117A-3123A-9999A-9999E,89.00,2025-05-27 00:00:00
233107-1-1-102,WA007,310724,WA002,101,3040A-3045A-3053A-9999A-9999E,36.00,2025-05-26 00:00:00
233199-1-1-102,WA007,310724,WA002,101,3040A-3043A-3045A-3053A-3055A-9999A-9999E,33.00,2025-05-26 00:00:00
233199-1-1-102,WA007,310724,WA002,101,3040A-3045A-3053A-3055A-9999A-9999E,33.00,2025-05-26 00:00:00
233451-1-1-104,WA007,310724,WA002,101,3040A-3045A-9999A,73.00,2025-05-26 00:00:00
233451-1-1-105,WA007,310724,WA002,101,3040A-3045A-9999A,72.00,2025-05-26 00:00:00
233107-1-1-102,WA007,310724,WA002,101,3040A-3043A-3045A-3053A-3055A-3055A-9999A-9999E,28.00,2025-05-23 00:00:00
233107-1-1-102,WA007,310724,WA002,101,3040A-3045A-3053A-3055A-3055A-9999A-9999E,28.00,2025-05-23 00:00:00
233198-1-1-109,WA007,310726,WA003,101,3002A-3007S-3025S-3033A-3035A-9999A-9999E,16.00,2025-05-23 00:00:00
233198-1-1-109,WA007,310726,WA003,101,3025S-3033A-9999A-9999C-9999CS-9999E,17.00,2025-05-23 00:00:00
233198-1-1-109,WA007,310726,WA003,101,3025S-3035A-9999A-9999C-9999CS-9999E,15.00,2025-05-23 00:00:00
233198-1-1-109,WA007,310726,WA003,101,3025S-9999A-9999E,17.00,2025-05-23 00:00:00
233199-1-1-101,WA007,310724,WA002,101,3040A-3043A-3045A-3053A-3055A-3055A-9999A-9999C-9999E,25.00,2025-05-23 00:00:00
233199-1-1-101,WA007,310724,WA002,101,3040A-3045A-3053A-3055A-3055A-9999A-9999E,25.00,2025-05-23 00:00:00
233394-1-1-101,WA007,310726,WA003,101,3002A-3007S-3015A-3025S-3033A-3035A-9999A-9999C-9999CS-9999E,27.00,2025-05-23 00:00:00
232707-1-1-101,WA007,310724,WA002,101,3040A-3045A-9999A,103.00,2025-05-22 00:00:00
232807-1-2-149,MEX002,310015,ID002,101,3117A-3123A-9999A,85.00,2025-05-22 00:00:00
232807-1-2-150,MEX002,310015,ID002,101,3117A-3123A-9999A-9999E,86.00,2025-05-22 00:00:00
232807-1-2-151,MEX002,310015,ID002,101,3117A-3123A-9999A,85.00,2025-05-22 00:00:00
232807-1-2-152,MEX002,310015,ID002,101,3117A-3123A-9999A,85.00,2025-05-22 00:00:00
232807-1-2-152,MEX002,310015,ID002,101,3117A-9999A,85.00,2025-05-22 00:00:00
233107-1-1-102,WA007,310724,WA002,101,3040A-3045A-3053A-3055A-9999A-9999E,36.00,2025-05-22 00:00:00
233235-1-1-102,WA007,310726,WA003,101,3007S-3025S-3033A-3035A-9999A-9999C-9999CS-9999E,31.00,2025-05-22 00:00:00
233238-1-1-104,WA007,310724,WA002,101,3040A-3045A-3053A-3055A-9999A-9999E,34.00,2025-05-22 00:00:00
233491-1-1-101,MEX002,310015,ID002,101,3117A-3123A-9999A,103.11,2025-05-22 00:00:00
233235-1-1-101,WA007,310726,WA003,101,3002A-3005WGUM-3005WGUM-3007DRYGUM-3007FO-3007S-3015A-3025S-3033A-3035A-9999A-9999C-9999CS-9999E,35.00,2025-05-21 00:00:00
233235-1-1-101,WA007,310726,WA003,101,3002A-3005WGUM-3007DRYGUM-3007FO-3007S-3015A-3025S-3033A-3035A-9999A-9999C-9999CS-9999E,46.00,2025-05-21 00:00:00
233235-1-1-101,WA007,310726,WA003,101,3005WGUM-3007DRYGUM-3007FO-3007S-3025S-3033A-3035A-9999A-9999C-9999CS-9999E,46.00,2025-05-21 00:00:00
MIT112067,WA018,310015,WA002,101,3117A-3123A-9999A-9999E,105.64,2025-05-21 00:00:00
232128-1-6-124,WA007,310726,WA003,101,3007S-3025S-3033A-3035A-9999A-9999C-9999CS-9999E,84.00,2025-05-20 00:00:00
232807-1-2-147,MEX002,310015,ID002,101,3117A-3123A-9999A,96.09,2025-05-20 00:00:00
232807-1-2-148,MEX002,310015,ID002,101,3117A-3123A-9999A,96.09,2025-05-20 00:00:00
233369-1-1-107,MEX002,310015,ID002,101,3117A-3123A-9999A,94.14,2025-05-20 00:00:00
EDI140384,WA018,310015,WA002,101,3117A-3123A-9999A-9999E,104.25,2025-05-20 00:00:00
233259-1-1-101,WA007,310726,WA002,101,9999A-9999C,105.00,2025-05-19 00:00:00
232759-1-2-102,MEX002,310015,ID002,101,3117A-3123A-9999A-9999E,120.00,2025-05-15 00:00:00
233170-1-1-101,WA007,310726,WA003,101,3007S-3025S-9999A-9999C-9999CS-9999E,80.00,2025-05-14 00:00:00
233232-1-1-103,WA007,310724,WA002,101,3040A-3043A-3053A-9999A-9999E,40.00,2025-05-14 00:00:00
232807-1-2-143,MEX002,310015,ID002,101,3117A-3123A-9999A,87.00,2025-05-13 00:00:00
232807-1-2-143,MEX002,310015,ID002,101,3117A-3123A-9999A-9999E,100.50,2025-05-13 00:00:00
232807-1-2-144,MEX002,310015,ID002,101,3117A-3123A-9999A,87.00,2025-05-13 00:00:00
232807-1-2-145,MEX002,310015,ID002,101,3117A-3123A-9999A,98.41,2025-05-13 00:00:00
232807-1-2-145,MEX002,310015,ID002,101,3117A-9999A,104.50,2025-05-13 00:00:00
232807-1-2-146,MEX002,310015,ID002,101,3117A-3123A-9999A,104.08,2025-05-13 00:00:00
232807-1-2-146,MEX002,310015,ID002,101,3117A-9999A,104.50,2025-05-13 00:00:00
233198-1-1-110,WA007,310726,WA003,101,3002A-3025S-3033A-9999A-9999E,69.00,2025-05-12 00:00:00
232807-1-2-141,MEX002,310015,ID002,101,3117A-9999A,110.50,2025-05-11 00:00:00
232807-1-2-142,MEX002,310015,ID002,101,3117A-3123A-9999A,87.00,2025-05-11 00:00:00
232946-1-2-103,WA007,310724,WA002,101,3040A-3043A-3045A-3053A-3055A-9999A-9999C-9999E,42.00,2025-05-09 00:00:00
233183-1-1-104,WA007,310726,WA003,101,3025S-3035A-9999A-9999C-9999CS-9999E,57.00,2025-05-09 00:00:00
233188-1-1-102,WA007,310726,WA003,101,3025S-3035A-9999A-9999C-9999CS-9999E,66.00,2025-05-09 00:00:00
233423-1-1-105,MEX002,310015,ID002,101,3117A-3123A-9999A,109.50,2025-05-09 00:00:00
232865-1-3-108,WA007,310724,WA002,101,3040A-3043A-3045A-3053A-3055A-9999A-9999E,48.00,2025-05-08 00:00:00
233107-1-1-103,WA007,310724,WA002,101,3040A-3043A-3045A-3053A-9999A-9999C-9999E,46.00,2025-05-08 00:00:00
233423-1-1-101,MEX002,310015,ID002,101,3117A-3123A-9999A,108.71,2025-05-08 00:00:00
233423-1-1-102,MEX002,310015,ID002,101,3117A-3123A-9999A,110.67,2025-05-08 00:00:00
233423-1-1-103,MEX002,310015,ID002,101,3117A-3123A-9999A,110.67,2025-05-08 00:00:00
233423-1-1-103,MEX002,310015,ID002,101,3117A-9999A,110.50,2025-05-08 00:00:00
232865-1-3-109,WA007,310724,WA002,101,3040A-3045A-3053A-3055A-9999A-9999E,43.00,2025-05-07 00:00:00
233369-1-1-103,MEX002,310015,ID002,101,3117A-9999A,109.31,2025-05-06 00:00:00
233369-1-1-104,MEX002,310015,ID002,101,3117A-9999A,105.38,2025-05-06 00:00:00
233369-1-1-105,MEX002,310015,ID002,101,3117A-9999A,103.83,2025-05-06 00:00:00
233369-1-1-106,MEX002,310015,ID002,101,3117A-3123A-9999A-9999E,110.14,2025-05-06 00:00:00
233369-1-1-106,MEX002,310015,ID002,101,3117A-9999A,110.14,2025-05-06 00:00:00
232381-1-2-102,WA010,310726,WA003,101,3005WGUM-3007DRYGUM-3007FO,91.00,2025-05-05 00:00:00
232381-1-2-102,WA010,310726,WA003,101,3007S-3025S-3033A-3035A-9999A-9999C-9999CS-9999E,91.00,2025-05-05 00:00:00
232381-1-2-102,WA010,310726,WA003,101,3025S-3033A-9999A-9999C-9999CS,91.00,2025-05-05 00:00:00
232807-1-2-132,MEX002,310015,ID002,101,3117A-3123A-9999A,109.50,2025-05-02 00:00:00
233226-1-1-101,WA007,310726,WA003,101,3002A-3025S-3033A-9999A-9999E,69.00,2025-05-01 00:00:00
233226-1-1-101,WA007,310726,WA003,101,3007S-3025S-3033A-3035A-9999A-9999C-9999CS-9999E,63.00,2025-05-01 00:00:00
233226-1-1-101,WA007,310726,WA003,101,3025S-3033A-9999A-9999C-9999CS-9999E,63.00,2025-05-01 00:00:00
233226-1-1-101,WA007,310726,WA003,101,3025S-3033A-9999A-9999E,63.00,2025-05-01 00:00:00
233369-1-1-101,MEX002,310015,ID002,101,3117A-3117A-9999A-9999A,120.00,2025-04-30 00:00:00
233369-1-1-101,MEX002,310015,ID002,101,3117A-3123A-9999A,115.00,2025-04-30 00:00:00
233369-1-1-101,MEX002,310015,ID002,101,3117A-3123A-9999A-9999E,115.50,2025-04-30 00:00:00
10015173,TX001,310015,ID002,101,3117A-3123A-9999A-9999E,54.00,2025-04-29 00:00:00
232807-1-1-127,MEX002,310015,ID002,101,3117A-3123A-9999A,103.00,2025-04-29 00:00:00
232807-1-1-128,MEX002,310015,ID002,101,3117A-3123A-9999A,105.80,2025-04-29 00:00:00
232807-1-2-129,MEX002,310015,ID002,101,3117A-3123A-9999A,115.00,2025-04-29 00:00:00
232807-1-2-129,MEX002,310015,ID002,101,3117A-3123A-9999A-9999E,114.00,2025-04-29 00:00:00
233030-1-1-101,WA007,310724,WA002,101,3040A-3043A-3045A-3053A-3055A-9999A-9999E,72.50,2025-04-29 00:00:00
233368-1-1-101,MEX002,310015,ID002,101,3117A-3123A-9999A,106.50,2025-04-29 00:00:00
233368-1-1-101,MEX002,310015,ID002,101,3117A-3123A-9999A-9999E,120.00,2025-04-29 00:00:00
233384-1-1-101,MEX002,310015,ID002,101,3117A-3123A-9999A,115.00,2025-04-29 00:00:00
233384-1-1-101,MEX002,310015,ID002,101,3117A-3123A-9999A-9999E,114.00,2025-04-29 00:00:00
232807-1-1-125,MEX002,310015,ID002,101,3117A-3123A-9999A,105.00,2025-04-28 00:00:00
232970-1-3-103,WA007,310726,WA002,101,9999A-9999C,117.00,2025-04-28 00:00:00
233188-1-1-101,WA007,310726,WA003,101,3007S-3025S-3033A-3035A-9999A-9999C-9999CS-9999E,63.00,2025-04-28 00:00:00
233198-1-1-103,WA007,310726,WA003,101,3002A-3025S-3033A-9999A-9999E,69.00,2025-04-28 00:00:00
233198-1-1-103,WA007,310726,WA003,101,3025S-3033A-9999A-9999C-9999CS-9999E,63.00,2025-04-28 00:00:00
233198-1-1-103,WA007,310726,WA003,101,3025S-3033A-9999A-9999E,63.00,2025-04-28 00:00:00
232946-1-2-103,WA007,310724,WA002,101,3040A-3043A-3045A-3053A-3055A-9999A-9999C-9999E,49.00,2025-04-25 00:00:00
232946-1-2-103,WA007,310724,WA002,101,3040A-3043A-3045A-3053A-3055A-9999A-9999E,51.00,2025-04-25 00:00:00
233064-1-1-101,WA007,310726,WA002,101,9999A-9999E,106.00,2025-04-25 00:00:00
232807-1-1-121,MEX002,310015,ID002,101,3117A-3123A-9999A,103.00,2025-04-24 00:00:00
233064-1-1-101,WA007,310726,WA002,101,3035A-9999A-9999E,106.00,2025-04-23 00:00:00
233077-1-1-101,WA007,310726,WA003,101,3025S-3033A-9999A-9999C-9999CS-9999E,77.00,2025-04-22 00:00:00
233169-1-1-101,WA007,310726,WA003,101,3007S-3025S-3033A-3035A-9999A-9999C-9999CS-9999E,59.00,2025-04-22 00:00:00
232800-1-3-109,WA007,310726,WA003,101,3025S-3033A-3035A-9999A-9999C-9999CS-9999E,67.00,2025-04-21 00:00:00
232807-1-1-120,MEX002,310015,ID002,101,3117A-3123A-9999A,103.00,2025-04-21 00:00:00
232946-1-2-104,WA007,310724,WA002,101,3040A-3043A-3045A-3053A-3055A-9999A-9999E,55.00,2025-04-17 00:00:00
232807-1-1-117,MEX002,310015,ID002,101,3117A-3123A-9999A,103.00,2025-04-16 00:00:00
232807-1-1-118,MEX002,310015,ID002,101,3117A-3123A-9999A,103.00,2025-04-16 00:00:00
232946-1-2-104,WA007,310724,WA002,101,3040A-3043A-3045A-3053A-3055A-9999A-9999C-9999E,57.00,2025-04-16 00:00:00
232807-1-1-113,MEX002,310015,ID002,101,3117A-3123A-9999A-9999E,114.00,2025-04-14 00:00:00
233115-1-1-102,WA007,310726,WA003,101,3007S-3025S-3033A-3035A-9999A-9999C-9999CS-9999E,71.00,2025-04-14 00:00:00
233115-1-1-102,WA007,310726,WA003,101,3007S-3025S-3033A-3035A-9999A-9999E,70.00,2025-04-14 00:00:00
233255-1-1-105,MEX002,310015,ID002,101,3117A-3123A-9999A,119.50,2025-04-14 00:00:00
233255-1-1-106,MEX002,310015,ID002,101,3117A-3123A-9999A-9999E,114.00,2025-04-14 00:00:00
233255-1-1-102,MEX002,310015,ID002,101,3117A-3123A-3132A-9999A,119.50,2025-04-10 00:00:00
233256-1-1-104,MEX002,310015,ID002,101,3117A-3123A-9999A,114.00,2025-04-10 00:00:00
233256-1-1-101,MEX002,310015,ID002,101,3117A-3123A-9999A-9999E,113.00,2025-04-09 00:00:00
232807-1-1-110,MEX002,310015,ID002,101,3117A-3123A-9999A-9999E,110.00,2025-04-08 00:00:00
233187-1-1-107,MEX002,310015,ID002,101,3117A-3123A-9999A,113.00,2025-04-08 00:00:00
232807-1-1-107,MEX002,310015,ID002,101,3117A-3123A-9999A-9999E,119.50,2025-04-07 00:00:00
232807-1-1-106,MEX002,310015,ID002,101,3117A-3123A-9999A,113.00,2025-04-04 00:00:00
233187-1-1-104,MEX002,310015,ID002,101,3117A-3117A-9999A-9999A,120.00,2025-04-04 00:00:00
233187-1-1-104,MEX002,310015,ID002,101,3117A-3123A-3132A-9999A,119.50,2025-04-04 00:00:00
233187-1-1-105,MEX002,310015,ID002,101,3117A-3123A-3132A-9999A,119.50,2025-04-04 00:00:00
233187-1-1-105,MEX002,310015,ID002,101,3117A-3123A-9999A,119.50,2025-04-04 00:00:00
233187-1-1-105,MEX002,310015,ID002,101,3117A-3123A-9999A-9999E,119.50,2025-04-04 00:00:00
232876-1-1-102,WA011,310724,WA002,101,3040A-3043A-3045A-3053A-3055A-9999A-9999E,24.50,2025-03-25 00:00:00
232876-1-1-102,WA011,310724,WA002,101,3040A-3045A-3053A-3055A-9999A-9999E,24.50,2025-03-25 00:00:00
EDI131241,ID012,310015,WA001,101,9999A-9999E,119.50,2025-02-25 00:00:00
EDI131460,ID012,310015,WA001,101,9999A-9999E,119.50,2025-02-25 00:00:00
MIT109042,ID012,310015,WA001,101,9999A-9999E,119.50,2025-02-19 00:00:00
232128-1-3-110,WA011,310726,WA003,101,3005WGUM-3007DRYGUM-3007FO-3007S-3025S-3033A-3035A-9999A-9999E,19.50,2025-01-28 00:00:00
232128-1-3-110,WA011,310726,WA003,101,3005WGUM-3007DRYGUM-3007S-3025S-3033A-3035A-9999A-9999E,19.50,2025-01-28 00:00:00
231844-1-2-1180570,WA011,310726,WA002,101,3015A-3035A-9999A-9999C-9999E,5.91,2025-01-08 00:00:00
231844-1-2-1180570,WA011,310726,WA002,101,3015A-3035A-9999A-9999E,2.00,2025-01-08 00:00:00
