Name,"Start Date",Notes
1,2025-04-07,""
2,2025-04-08,""
3,2025-04-09,""
4,2025-04-10,""
5,2025-04-11,""
6,2025-04-12,""
7,2025-04-13,""
8,2025-04-14,""
9,2025-04-15,""
10,2025-04-16,""
11,2025-04-17,""
12,2025-04-18,""
13,2025-04-19,""
14,2025-04-20,""
15,2025-04-21,""
16,2025-04-22,""
17,2025-04-23,""
18,2025-04-24,""
19,2025-04-25,""
20,2025-04-26,""
21,2025-04-27,""
22,2025-04-28,""
23,2025-04-29,""
24,2025-04-30,""
25,2025-05-01,""
26,2025-05-02,""
27,2025-05-03,""
28,2025-05-04,""
29,2025-05-05,""
30,2025-05-06,""
31,2025-05-07,""
32,2025-05-08,""
33,2025-05-09,""
34,2025-05-10,""
35,2025-05-11,""
36,2025-05-12,""
37,2025-05-13,""
38,2025-05-14,""
39,2025-05-15,""
40,2025-05-16,""
41,2025-05-17,""
42,2025-05-18,""
43,2025-05-19,""
44,2025-05-20,""
45,2025-05-21,""
46,2025-05-22,""
47,2025-05-23,""
48,2025-05-24,""
49,2025-05-25,""
50,2025-05-26,""
51,2025-05-27,""
52,2025-05-28,""
53,2025-05-29,""
54,2025-05-30,""
55,2025-05-31,""
56,2025-06-01,""
57,2025-06-02,""
58,2025-06-03,""
59,2025-06-04,""
60,2025-06-05,""
61,2025-06-06,""
62,2025-06-07,""
63,2025-06-08,""
64,2025-06-09,""
65,2025-06-10,""
66,2025-06-11,""
67,2025-06-12,""
68,2025-06-13,""
69,2025-06-14,""
70,2025-06-15,""
71,2025-06-16,""
72,2025-06-17,""
73,2025-06-18,""
74,2025-06-19,""
75,2025-06-20,""
76,2025-06-21,""
77,2025-06-22,""
78,2025-06-23,""
79,2025-06-24,""
80,2025-06-25,""
81,2025-06-26,""
82,2025-06-27,""
83,2025-06-28,""
84,2025-06-29,""
85,2025-06-30,""
86,2025-07-01,""
87,2025-07-02,""
88,2025-07-03,""
89,2025-07-04,""
90,2025-07-05,""
91,2025-07-06,""
92,2025-07-07,""
93,2025-07-08,""
94,2025-07-09,""
95,2025-07-10,""
96,2025-07-11,""
97,2025-07-12,""
98,2025-07-13,""
99,2025-07-14,""
100,2025-07-15,""
101,2025-07-16,""
102,2025-07-17,""
103,2025-07-18,""
104,2025-07-19,""
105,2025-07-20,""
106,2025-07-21,""
107,2025-07-22,""
108,2025-07-23,""
109,2025-07-24,""
110,2025-07-25,""
111,2025-07-26,""
112,2025-07-27,""
113,2025-07-28,""
114,2025-07-29,""
115,2025-07-30,""
116,2025-07-31,""
117,2025-08-01,""
118,2025-08-02,""
119,2025-08-03,""
120,2025-08-04,""
121,2025-08-05,""
