4/8/2025,1
4/9/2025,2
4/10/2025,3
4/11/2025,4
4/12/2025,5
4/13/2025,6
4/14/2025,7
4/15/2025,8
4/16/2025,9
4/17/2025,10
4/18/2025,11
4/19/2025,12
4/20/2025,13
4/21/2025,14
4/22/2025,15
4/23/2025,16
4/24/2025,17
4/25/2025,18
4/26/2025,19
4/27/2025,20
4/28/2025,21
4/29/2025,22
4/30/2025,23
5/1/2025,24
5/2/2025,25
5/3/2025,26
5/4/2025,27
5/5/2025,28
5/6/2025,29
5/7/2025,30
5/8/2025,31
5/9/2025,32
5/10/2025,33
5/11/2025,34
5/12/2025,35
5/13/2025,36
5/14/2025,37
5/15/2025,38
5/16/2025,39
5/17/2025,40
5/18/2025,41
5/19/2025,42
5/20/2025,43
5/21/2025,44
5/22/2025,45
5/23/2025,46
5/24/2025,47
5/25/2025,48
5/26/2025,49
5/27/2025,50
5/28/2025,51
5/29/2025,52
5/30/2025,53
5/31/2025,54
6/1/2025,55
6/2/2025,56
6/3/2025,57
6/4/2025,58
6/5/2025,59
6/6/2025,60
6/7/2025,61
6/8/2025,62
6/9/2025,63
6/10/2025,64
6/11/2025,65
6/12/2025,66
6/13/2025,67
6/14/2025,68
6/15/2025,69
6/16/2025,70
6/17/2025,71
6/18/2025,72
6/19/2025,73
6/20/2025,74
6/21/2025,75
6/22/2025,76
6/23/2025,77
6/24/2025,78
6/25/2025,79
6/26/2025,80
6/27/2025,81
6/28/2025,82
6/29/2025,83
6/30/2025,84
7/1/2025,85
7/2/2025,86
7/3/2025,87
7/4/2025,88
7/5/2025,89
7/6/2025,90
7/7/2025,91
7/8/2025,92
7/9/2025,93
7/10/2025,94
7/11/2025,95
7/12/2025,96
7/13/2025,97
7/14/2025,98
7/15/2025,99
7/16/2025,100
7/17/2025,101
7/18/2025,102
7/19/2025,103
7/20/2025,104
7/21/2025,105
7/22/2025,106
7/23/2025,107
7/24/2025,108
7/25/2025,109
7/26/2025,110
7/27/2025,111
7/28/2025,112
7/29/2025,113
7/30/2025,114
7/31/2025,115
8/1/2025,116
8/2/2025,117
8/3/2025,118
8/4/2025,119
8/5/2025,120
